{"resourceType":"ImplementationGuide","id":"hl7.fhir.fi.base","text":{"status":"extensions","div":"<div xmlns=\"http://www.w3.org/1999/xhtml\"><h2>FinnishBaseProfiles</h2><p>The official URL for this implementation guide is: </p><pre>https://hl7.fi/fhir/finnish-base-profiles/ImplementationGuide/hl7.fhir.fi.base</pre><div><p>A core set of FHIR resources profiled for use in Finland, published and maintained by HL7 Finland</p>\n</div></div>"},"url":"https://hl7.fi/fhir/finnish-base-profiles/ImplementationGuide/hl7.fhir.fi.base","version":"0.6.0","name":"FinnishBaseProfiles","title":"Finnish Base Profiles","status":"draft","date":"2023-02-14T18:06:17+02:00","publisher":"HL7 Finland","contact":[{"name":"HL7 Finland","telecom":[{"system":"url","value":"https://www.hl7.fi/"}]}],"description":"A core set of FHIR resources profiled for use in Finland, published and maintained by HL7 Finland","jurisdiction":[{"coding":[{"system":"urn:iso:std:iso:3166","code":"FI","display":"Finland"}]}],"packageId":"hl7.fhir.fi.base","license":"CC0-1.0","fhirVersion":["4.0.1"],"dependsOn":[{"id":"hl7tx","extension":[{"url":"http://hl7.org/fhir/tools/StructureDefinition/implementationguide-dependency-comment","valueMarkdown":"Automatically added as a dependency - all IGs depend on HL7 Terminology"}],"uri":"http://terminology.hl7.org/ImplementationGuide/hl7.terminology","packageId":"hl7.terminology.r4","version":"5.0.0"},{"id":"hl7_fhir_uv_ipa","uri":"http://hl7.org/fhir/uv/ipa/ImplementationGuide/hl7.fhir.uv.ipa","packageId":"hl7.fhir.uv.ipa","version":"0.1.0"}],"definition":{"extension":[{"extension":[{"url":"code","valueString":"copyrightyear"},{"url":"value","valueString":"2022+"}],"url":"http://hl7.org/fhir/tools/StructureDefinition/ig-parameter"},{"extension":[{"url":"code","valueString":"releaselabel"},{"url":"value","valueString":"ci-build"}],"url":"http://hl7.org/fhir/tools/StructureDefinition/ig-parameter"},{"extension":[{"url":"code","valueString":"ipa-comparison"},{"url":"value","valueString":"{last}"}],"url":"http://hl7.org/fhir/tools/StructureDefinition/ig-parameter"},{"extension":[{"url":"code","valueString":"autoload-resources"},{"url":"value","valueString":"true"}],"url":"http://hl7.org/fhir/tools/StructureDefinition/ig-parameter"},{"extension":[{"url":"code","valueString":"path-liquid"},{"url":"value","valueString":"template/liquid"}],"url":"http://hl7.org/fhir/tools/StructureDefinition/ig-parameter"},{"extension":[{"url":"code","valueString":"path-liquid"},{"url":"value","valueString":"input/liquid"}],"url":"http://hl7.org/fhir/tools/StructureDefinition/ig-parameter"},{"extension":[{"url":"code","valueString":"path-qa"},{"url":"value","valueString":"temp/qa"}],"url":"http://hl7.org/fhir/tools/StructureDefinition/ig-parameter"},{"extension":[{"url":"code","valueString":"path-temp"},{"url":"value","valueString":"temp/pages"}],"url":"http://hl7.org/fhir/tools/StructureDefinition/ig-parameter"},{"extension":[{"url":"code","valueString":"path-output"},{"url":"value","valueString":"output"}],"url":"http://hl7.org/fhir/tools/StructureDefinition/ig-parameter"},{"extension":[{"url":"code","valueString":"path-suppressed-warnings"},{"url":"value","valueString":"input/ignoreWarnings.txt"}],"url":"http://hl7.org/fhir/tools/StructureDefinition/ig-parameter"},{"extension":[{"url":"code","valueString":"path-history"},{"url":"value","valueString":"https://hl7.fi/fhir/finnish-base-profiles/history.html"}],"url":"http://hl7.org/fhir/tools/StructureDefinition/ig-parameter"},{"extension":[{"url":"code","valueString":"template-html"},{"url":"value","valueString":"template-page.html"}],"url":"http://hl7.org/fhir/tools/StructureDefinition/ig-parameter"},{"extension":[{"url":"code","valueString":"template-md"},{"url":"value","valueString":"template-page-md.html"}],"url":"http://hl7.org/fhir/tools/StructureDefinition/ig-parameter"},{"extension":[{"url":"code","valueString":"apply-contact"},{"url":"value","valueString":"true"}],"url":"http://hl7.org/fhir/tools/StructureDefinition/ig-parameter"},{"extension":[{"url":"code","valueString":"apply-context"},{"url":"value","valueString":"true"}],"url":"http://hl7.org/fhir/tools/StructureDefinition/ig-parameter"},{"extension":[{"url":"code","valueString":"apply-copyright"},{"url":"value","valueString":"true"}],"url":"http://hl7.org/fhir/tools/StructureDefinition/ig-parameter"},{"extension":[{"url":"code","valueString":"apply-jurisdiction"},{"url":"value","valueString":"true"}],"url":"http://hl7.org/fhir/tools/StructureDefinition/ig-parameter"},{"extension":[{"url":"code","valueString":"apply-license"},{"url":"value","valueString":"true"}],"url":"http://hl7.org/fhir/tools/StructureDefinition/ig-parameter"},{"extension":[{"url":"code","valueString":"apply-publisher"},{"url":"value","valueString":"true"}],"url":"http://hl7.org/fhir/tools/StructureDefinition/ig-parameter"},{"extension":[{"url":"code","valueString":"apply-version"},{"url":"value","valueString":"true"}],"url":"http://hl7.org/fhir/tools/StructureDefinition/ig-parameter"},{"extension":[{"url":"code","valueString":"active-tables"},{"url":"value","valueString":"true"}],"url":"http://hl7.org/fhir/tools/StructureDefinition/ig-parameter"},{"extension":[{"url":"code","valueString":"fmm-definition"},{"url":"value","valueString":"http://hl7.org/fhir/versions.html#maturity"}],"url":"http://hl7.org/fhir/tools/StructureDefinition/ig-parameter"},{"extension":[{"url":"code","valueString":"propagate-status"},{"url":"value","valueString":"true"}],"url":"http://hl7.org/fhir/tools/StructureDefinition/ig-parameter"},{"extension":[{"url":"code","valueString":"excludelogbinaryformat"},{"url":"value","valueString":"true"}],"url":"http://hl7.org/fhir/tools/StructureDefinition/ig-parameter"},{"extension":[{"url":"code","valueString":"tabbed-snapshots"},{"url":"value","valueString":"true"}],"url":"http://hl7.org/fhir/tools/StructureDefinition/ig-parameter"},{"extension":[{"url":"code","valueString":"copyrightyear"},{"url":"value","valueString":"2022+"}],"url":"http://hl7.org/fhir/tools/StructureDefinition/ig-parameter"},{"extension":[{"url":"code","valueString":"releaselabel"},{"url":"value","valueString":"ci-build"}],"url":"http://hl7.org/fhir/tools/StructureDefinition/ig-parameter"},{"extension":[{"url":"code","valueString":"ipa-comparison"},{"url":"value","valueString":"{last}"}],"url":"http://hl7.org/fhir/tools/StructureDefinition/ig-parameter"},{"extension":[{"url":"code","valueString":"autoload-resources"},{"url":"value","valueString":"true"}],"url":"http://hl7.org/fhir/tools/StructureDefinition/ig-parameter"},{"extension":[{"url":"code","valueString":"path-liquid"},{"url":"value","valueString":"template/liquid"}],"url":"http://hl7.org/fhir/tools/StructureDefinition/ig-parameter"},{"extension":[{"url":"code","valueString":"path-liquid"},{"url":"value","valueString":"input/liquid"}],"url":"http://hl7.org/fhir/tools/StructureDefinition/ig-parameter"},{"extension":[{"url":"code","valueString":"path-qa"},{"url":"value","valueString":"temp/qa"}],"url":"http://hl7.org/fhir/tools/StructureDefinition/ig-parameter"},{"extension":[{"url":"code","valueString":"path-temp"},{"url":"value","valueString":"temp/pages"}],"url":"http://hl7.org/fhir/tools/StructureDefinition/ig-parameter"},{"extension":[{"url":"code","valueString":"path-output"},{"url":"value","valueString":"output"}],"url":"http://hl7.org/fhir/tools/StructureDefinition/ig-parameter"},{"extension":[{"url":"code","valueString":"path-suppressed-warnings"},{"url":"value","valueString":"input/ignoreWarnings.txt"}],"url":"http://hl7.org/fhir/tools/StructureDefinition/ig-parameter"},{"extension":[{"url":"code","valueString":"path-history"},{"url":"value","valueString":"https://hl7.fi/fhir/finnish-base-profiles/history.html"}],"url":"http://hl7.org/fhir/tools/StructureDefinition/ig-parameter"},{"extension":[{"url":"code","valueString":"template-html"},{"url":"value","valueString":"template-page.html"}],"url":"http://hl7.org/fhir/tools/StructureDefinition/ig-parameter"},{"extension":[{"url":"code","valueString":"template-md"},{"url":"value","valueString":"template-page-md.html"}],"url":"http://hl7.org/fhir/tools/StructureDefinition/ig-parameter"},{"extension":[{"url":"code","valueString":"apply-contact"},{"url":"value","valueString":"true"}],"url":"http://hl7.org/fhir/tools/StructureDefinition/ig-parameter"},{"extension":[{"url":"code","valueString":"apply-context"},{"url":"value","valueString":"true"}],"url":"http://hl7.org/fhir/tools/StructureDefinition/ig-parameter"},{"extension":[{"url":"code","valueString":"apply-copyright"},{"url":"value","valueString":"true"}],"url":"http://hl7.org/fhir/tools/StructureDefinition/ig-parameter"},{"extension":[{"url":"code","valueString":"apply-jurisdiction"},{"url":"value","valueString":"true"}],"url":"http://hl7.org/fhir/tools/StructureDefinition/ig-parameter"},{"extension":[{"url":"code","valueString":"apply-license"},{"url":"value","valueString":"true"}],"url":"http://hl7.org/fhir/tools/StructureDefinition/ig-parameter"},{"extension":[{"url":"code","valueString":"apply-publisher"},{"url":"value","valueString":"true"}],"url":"http://hl7.org/fhir/tools/StructureDefinition/ig-parameter"},{"extension":[{"url":"code","valueString":"apply-version"},{"url":"value","valueString":"true"}],"url":"http://hl7.org/fhir/tools/StructureDefinition/ig-parameter"},{"extension":[{"url":"code","valueString":"active-tables"},{"url":"value","valueString":"true"}],"url":"http://hl7.org/fhir/tools/StructureDefinition/ig-parameter"},{"extension":[{"url":"code","valueString":"fmm-definition"},{"url":"value","valueString":"http://hl7.org/fhir/versions.html#maturity"}],"url":"http://hl7.org/fhir/tools/StructureDefinition/ig-parameter"},{"extension":[{"url":"code","valueString":"propagate-status"},{"url":"value","valueString":"true"}],"url":"http://hl7.org/fhir/tools/StructureDefinition/ig-parameter"},{"extension":[{"url":"code","valueString":"excludelogbinaryformat"},{"url":"value","valueString":"true"}],"url":"http://hl7.org/fhir/tools/StructureDefinition/ig-parameter"},{"extension":[{"url":"code","valueString":"tabbed-snapshots"},{"url":"value","valueString":"true"}],"url":"http://hl7.org/fhir/tools/StructureDefinition/ig-parameter"},{"extension":[{"url":"code","valueString":"copyrightyear"},{"url":"value","valueString":"2022+"}],"url":"http://hl7.org/fhir/tools/StructureDefinition/ig-parameter"},{"extension":[{"url":"code","valueString":"releaselabel"},{"url":"value","valueString":"ci-build"}],"url":"http://hl7.org/fhir/tools/StructureDefinition/ig-parameter"},{"extension":[{"url":"code","valueString":"ipa-comparison"},{"url":"value","valueString":"{last}"}],"url":"http://hl7.org/fhir/tools/StructureDefinition/ig-parameter"},{"extension":[{"url":"code","valueString":"autoload-resources"},{"url":"value","valueString":"true"}],"url":"http://hl7.org/fhir/tools/StructureDefinition/ig-parameter"},{"extension":[{"url":"code","valueString":"path-liquid"},{"url":"value","valueString":"template/liquid"}],"url":"http://hl7.org/fhir/tools/StructureDefinition/ig-parameter"},{"extension":[{"url":"code","valueString":"path-liquid"},{"url":"value","valueString":"input/liquid"}],"url":"http://hl7.org/fhir/tools/StructureDefinition/ig-parameter"},{"extension":[{"url":"code","valueString":"path-qa"},{"url":"value","valueString":"temp/qa"}],"url":"http://hl7.org/fhir/tools/StructureDefinition/ig-parameter"},{"extension":[{"url":"code","valueString":"path-temp"},{"url":"value","valueString":"temp/pages"}],"url":"http://hl7.org/fhir/tools/StructureDefinition/ig-parameter"},{"extension":[{"url":"code","valueString":"path-output"},{"url":"value","valueString":"output"}],"url":"http://hl7.org/fhir/tools/StructureDefinition/ig-parameter"},{"extension":[{"url":"code","valueString":"path-suppressed-warnings"},{"url":"value","valueString":"input/ignoreWarnings.txt"}],"url":"http://hl7.org/fhir/tools/StructureDefinition/ig-parameter"},{"extension":[{"url":"code","valueString":"path-history"},{"url":"value","valueString":"https://hl7.fi/fhir/finnish-base-profiles/history.html"}],"url":"http://hl7.org/fhir/tools/StructureDefinition/ig-parameter"},{"extension":[{"url":"code","valueString":"template-html"},{"url":"value","valueString":"template-page.html"}],"url":"http://hl7.org/fhir/tools/StructureDefinition/ig-parameter"},{"extension":[{"url":"code","valueString":"template-md"},{"url":"value","valueString":"template-page-md.html"}],"url":"http://hl7.org/fhir/tools/StructureDefinition/ig-parameter"},{"extension":[{"url":"code","valueString":"apply-contact"},{"url":"value","valueString":"true"}],"url":"http://hl7.org/fhir/tools/StructureDefinition/ig-parameter"},{"extension":[{"url":"code","valueString":"apply-context"},{"url":"value","valueString":"true"}],"url":"http://hl7.org/fhir/tools/StructureDefinition/ig-parameter"},{"extension":[{"url":"code","valueString":"apply-copyright"},{"url":"value","valueString":"true"}],"url":"http://hl7.org/fhir/tools/StructureDefinition/ig-parameter"},{"extension":[{"url":"code","valueString":"apply-jurisdiction"},{"url":"value","valueString":"true"}],"url":"http://hl7.org/fhir/tools/StructureDefinition/ig-parameter"},{"extension":[{"url":"code","valueString":"apply-license"},{"url":"value","valueString":"true"}],"url":"http://hl7.org/fhir/tools/StructureDefinition/ig-parameter"},{"extension":[{"url":"code","valueString":"apply-publisher"},{"url":"value","valueString":"true"}],"url":"http://hl7.org/fhir/tools/StructureDefinition/ig-parameter"},{"extension":[{"url":"code","valueString":"apply-version"},{"url":"value","valueString":"true"}],"url":"http://hl7.org/fhir/tools/StructureDefinition/ig-parameter"},{"extension":[{"url":"code","valueString":"active-tables"},{"url":"value","valueString":"true"}],"url":"http://hl7.org/fhir/tools/StructureDefinition/ig-parameter"},{"extension":[{"url":"code","valueString":"fmm-definition"},{"url":"value","valueString":"http://hl7.org/fhir/versions.html#maturity"}],"url":"http://hl7.org/fhir/tools/StructureDefinition/ig-parameter"},{"extension":[{"url":"code","valueString":"propagate-status"},{"url":"value","valueString":"true"}],"url":"http://hl7.org/fhir/tools/StructureDefinition/ig-parameter"},{"extension":[{"url":"code","valueString":"excludelogbinaryformat"},{"url":"value","valueString":"true"}],"url":"http://hl7.org/fhir/tools/StructureDefinition/ig-parameter"},{"extension":[{"url":"code","valueString":"tabbed-snapshots"},{"url":"value","valueString":"true"}],"url":"http://hl7.org/fhir/tools/StructureDefinition/ig-parameter"}],"grouping":[{"id":"-str-profile","name":"Structures: Resource Profiles","description":"These define constraints on FHIR resources for systems conforming to this implementation guide."},{"id":"-str-extension","name":"Structures: Extension Definitions","description":"These define constraints on FHIR data types for systems conforming to this implementation guide."},{"id":"-ex-example","name":"Example: Example Instances","description":"These are example instances that show what data produced and consumed by systems conforming with this implementation guide might look like."}],"resource":[{"extension":[{"url":"http://hl7.org/fhir/StructureDefinition/implementationguide-page","valueUri":"StructureDefinition-fi-base-appointment.html"}],"reference":{"reference":"StructureDefinition/fi-base-appointment"},"name":"FI Base Appointment","description":"This is the Finnish base profile for the Appointment resource.","exampleBoolean":false,"groupingId":"-str-profile"},{"extension":[{"url":"http://hl7.org/fhir/StructureDefinition/implementationguide-page","valueUri":"StructureDefinition-fi-base-condition.html"}],"reference":{"reference":"StructureDefinition/fi-base-condition"},"name":"FI Base Condition","description":"This is the Finnish base profile for the Condition resource.","exampleBoolean":false,"groupingId":"-str-profile"},{"extension":[{"url":"http://hl7.org/fhir/StructureDefinition/implementationguide-page","valueUri":"StructureDefinition-fi-base-consent.html"}],"reference":{"reference":"StructureDefinition/fi-base-consent"},"name":"FI Base Consent","description":"This is the Finnish base profile for the Consent resource.","exampleBoolean":false,"groupingId":"-str-profile"},{"extension":[{"url":"http://hl7.org/fhir/StructureDefinition/implementationguide-page","valueUri":"StructureDefinition-fi-base-device.html"}],"reference":{"reference":"StructureDefinition/fi-base-device"},"name":"FI Base Device","description":"This is the Finnish base profile for the Device resource.","exampleBoolean":false,"groupingId":"-str-profile"},{"extension":[{"url":"http://hl7.org/fhir/StructureDefinition/implementationguide-page","valueUri":"StructureDefinition-fi-base-diagnostic-report.html"}],"reference":{"reference":"StructureDefinition/fi-base-diagnostic-report"},"name":"FI Base DiagnosticReport","description":"This is the Finnish base profile for the DiagnosticReport resource.","exampleBoolean":false,"groupingId":"-str-profile"},{"extension":[{"url":"http://hl7.org/fhir/StructureDefinition/implementationguide-page","valueUri":"StructureDefinition-fi-base-encounter.html"}],"reference":{"reference":"StructureDefinition/fi-base-encounter"},"name":"FI Base Encounter","description":"This is the Finnish base profile for the Encounter resource.","exampleBoolean":false,"groupingId":"-str-profile"},{"extension":[{"url":"http://hl7.org/fhir/StructureDefinition/implementationguide-page","valueUri":"StructureDefinition-fi-base-healthcare-service.html"}],"reference":{"reference":"StructureDefinition/fi-base-healthcare-service"},"name":"FI Base HealthcareService","description":"This is the Finnish base profile for the HealthcareService resource.","exampleBoolean":false,"groupingId":"-str-profile"},{"extension":[{"url":"http://hl7.org/fhir/StructureDefinition/implementationguide-page","valueUri":"StructureDefinition-fi-base-location.html"}],"reference":{"reference":"StructureDefinition/fi-base-location"},"name":"FI Base Location","description":"This is the Finnish base profile for the Location resource.","exampleBoolean":false,"groupingId":"-str-profile"},{"extension":[{"url":"http://hl7.org/fhir/StructureDefinition/implementationguide-page","valueUri":"StructureDefinition-fi-base-medication.html"}],"reference":{"reference":"StructureDefinition/fi-base-medication"},"name":"FI Base Medication","description":"This is the Finnish base profile for the Medication resource.","exampleBoolean":false,"groupingId":"-str-profile"},{"extension":[{"url":"http://hl7.org/fhir/StructureDefinition/implementationguide-page","valueUri":"StructureDefinition-fi-base-medication-administration.html"}],"reference":{"reference":"StructureDefinition/fi-base-medication-administration"},"name":"FI Base MedicationAdministration","description":"This is the Finnish base profile for the MedicationAdministration resource.","exampleBoolean":false,"groupingId":"-str-profile"},{"extension":[{"url":"http://hl7.org/fhir/StructureDefinition/implementationguide-page","valueUri":"StructureDefinition-fi-base-medication-statement.html"}],"reference":{"reference":"StructureDefinition/fi-base-medication-statement"},"name":"FI Base MedicationStatement","description":"This is the Finnish base profile for the MedicationStatement resource.","exampleBoolean":false,"groupingId":"-str-profile"},{"extension":[{"url":"http://hl7.org/fhir/StructureDefinition/implementationguide-page","valueUri":"StructureDefinition-fi-base-observation.html"}],"reference":{"reference":"StructureDefinition/fi-base-observation"},"name":"FI Base Observation","description":"This is the Finnish base profile for the Observation resource.","exampleBoolean":false,"groupingId":"-str-profile"},{"extension":[{"url":"http://hl7.org/fhir/StructureDefinition/implementationguide-page","valueUri":"StructureDefinition-fi-base-organization.html"}],"reference":{"reference":"StructureDefinition/fi-base-organization"},"name":"FI Base Organization","description":"This is the Finnish base profile for the Organization resource.","exampleBoolean":false,"groupingId":"-str-profile"},{"extension":[{"url":"http://hl7.org/fhir/StructureDefinition/implementationguide-page","valueUri":"StructureDefinition-fi-base-patient.html"}],"reference":{"reference":"StructureDefinition/fi-base-patient"},"name":"FI Base Patient","description":"This is the Finnish base profile for the Patient resource.","exampleBoolean":false,"groupingId":"-str-profile"},{"extension":[{"url":"http://hl7.org/fhir/StructureDefinition/implementationguide-page","valueUri":"StructureDefinition-fi-base-practitioner.html"}],"reference":{"reference":"StructureDefinition/fi-base-practitioner"},"name":"FI Base Practitioner","description":"This is the Finnish base profile for the Practitioner resource.","exampleBoolean":false,"groupingId":"-str-profile"},{"extension":[{"url":"http://hl7.org/fhir/StructureDefinition/implementationguide-page","valueUri":"StructureDefinition-fi-base-practitioner-role.html"}],"reference":{"reference":"StructureDefinition/fi-base-practitioner-role"},"name":"FI Base PractitionerRole","description":"This is the Finnish base profile for the PractitionerRole resource.","exampleBoolean":false,"groupingId":"-str-profile"},{"extension":[{"url":"http://hl7.org/fhir/StructureDefinition/implementationguide-page","valueUri":"StructureDefinition-fi-base-procedure.html"}],"reference":{"reference":"StructureDefinition/fi-base-procedure"},"name":"Fi Base Procedure","description":"The Base profile for Finnish Procedure resource.","exampleBoolean":false,"groupingId":"-str-profile"},{"extension":[{"url":"http://hl7.org/fhir/StructureDefinition/implementationguide-page","valueUri":"StructureDefinition-fi-base-schedule.html"}],"reference":{"reference":"StructureDefinition/fi-base-schedule"},"name":"FI Base Schedule","description":"This is the Finnish base profile for the Schedule resource.","exampleBoolean":false,"groupingId":"-str-profile"},{"extension":[{"url":"http://hl7.org/fhir/StructureDefinition/implementationguide-page","valueUri":"StructureDefinition-fi-base-slot.html"}],"reference":{"reference":"StructureDefinition/fi-base-slot"},"name":"FI Base Slot","description":"This is the Finnish base profile for the Slot resource.","exampleBoolean":false,"groupingId":"-str-profile"},{"extension":[{"url":"http://hl7.org/fhir/StructureDefinition/implementationguide-page","valueUri":"StructureDefinition-municipality-code.html"}],"reference":{"reference":"StructureDefinition/municipality-code"},"name":"MunicipalityCode","description":"Extension for home municipality","exampleBoolean":false,"groupingId":"-str-extension"},{"extension":[{"url":"http://hl7.org/fhir/StructureDefinition/implementationguide-page","valueUri":"StructureDefinition-patient-profession.html"}],"reference":{"reference":"StructureDefinition/patient-profession"},"name":"Patient Profession Extension","description":"Extension for presenting patient profession.","exampleBoolean":false,"groupingId":"-str-extension"},{"extension":[{"url":"http://hl7.org/fhir/StructureDefinition/implementationguide-page","valueUri":"Procedure-ColonBiopsy.html"}],"reference":{"reference":"Procedure/ColonBiopsy"},"name":"Biopsy of Colon procedure example","description":"Sub-procedure for Colotomy procedure.","exampleBoolean":true,"groupingId":"-ex-example"},{"extension":[{"url":"http://hl7.org/fhir/StructureDefinition/implementationguide-page","valueUri":"Location-LocationExample.html"}],"reference":{"reference":"Location/LocationExample"},"name":"LocationExample","description":"Example of surgery outpatient clinic with refenrence to an organization.","exampleCanonical":"https://hl7.fi/fhir/finnish-base-profiles/StructureDefinition/fi-base-location","groupingId":"-ex-example"},{"extension":[{"url":"http://hl7.org/fhir/StructureDefinition/implementationguide-page","valueUri":"Practitioner-PractitionerLicensedPhysician.html"}],"reference":{"reference":"Practitioner/PractitionerLicensedPhysician"},"name":"PractitionerLicensedPhysician","description":"Example of Licensed Physician from CGI Pegasos EHR.","exampleCanonical":"https://hl7.fi/fhir/finnish-base-profiles/StructureDefinition/fi-base-practitioner","groupingId":"-ex-example"},{"extension":[{"url":"http://hl7.org/fhir/StructureDefinition/implementationguide-page","valueUri":"Procedure-ProcedureColotomy.html"}],"reference":{"reference":"Procedure/ProcedureColotomy"},"name":"Procedure Colotomy example","description":"This example describes main procedure, colotomy, with reference to sub-procedure.","exampleCanonical":"https://hl7.fi/fhir/finnish-base-profiles/StructureDefinition/fi-base-procedure","groupingId":"-ex-example"},{"extension":[{"url":"http://hl7.org/fhir/StructureDefinition/implementationguide-page","valueUri":"Appointment-appointment-general-practitioner.html"}],"reference":{"reference":"Appointment/appointment-general-practitioner"},"name":"A121801","description":"Appointment example to general practitioner.","exampleCanonical":"https://hl7.fi/fhir/finnish-base-profiles/StructureDefinition/fi-base-appointment","groupingId":"-ex-example"},{"extension":[{"url":"http://hl7.org/fhir/StructureDefinition/implementationguide-page","valueUri":"HealthcareService-healthcareService-example.html"}],"reference":{"reference":"HealthcareService/healthcareService-example"},"name":"AT-340","description":"HealthcareService example which describes general practitioner services by using THL code systems.","exampleCanonical":"https://hl7.fi/fhir/finnish-base-profiles/StructureDefinition/fi-base-healthcare-service","groupingId":"-ex-example"},{"extension":[{"url":"http://hl7.org/fhir/StructureDefinition/implementationguide-page","valueUri":"Encounter-id-for-visit.html"}],"reference":{"reference":"Encounter/id-for-visit"},"name":"Encounter - patient primary care visit","description":"An example of a FI Base encounter where a patient has completed a visit in primary care.","exampleCanonical":"https://hl7.fi/fhir/finnish-base-profiles/StructureDefinition/fi-base-encounter","groupingId":"-ex-example"},{"extension":[{"url":"http://hl7.org/fhir/StructureDefinition/implementationguide-page","valueUri":"Encounter-id-for-ward-encounter.html"}],"reference":{"reference":"Encounter/id-for-ward-encounter"},"name":"Encounter - patient is currently receiving care at a ward treating surgical patients","description":"An example of a FI Base encounter where a patient is currently receiving care at a ward.","exampleCanonical":"https://hl7.fi/fhir/finnish-base-profiles/StructureDefinition/fi-base-encounter","groupingId":"-ex-example"},{"extension":[{"url":"http://hl7.org/fhir/StructureDefinition/implementationguide-page","valueUri":"Patient-patient-of-municipality.html"}],"reference":{"reference":"Patient/patient-of-municipality"},"name":"Patient - with the MunicipalityCode extension.","description":"An example of a FI Base patient with the MunicipalityCode extension.","exampleCanonical":"https://hl7.fi/fhir/finnish-base-profiles/StructureDefinition/fi-base-patient","groupingId":"-ex-example"},{"extension":[{"url":"http://hl7.org/fhir/StructureDefinition/implementationguide-page","valueUri":"Observation-bloodglucose-max.html"}],"reference":{"reference":"Observation/bloodglucose-max"},"name":"Kanta PHR - blood glucose optional","description":"An example blood glucose measurement with optional elements.","exampleCanonical":"http://fhir.fi/finnish-base-profiles/StructureDefinition/fi-base-observation","groupingId":"-ex-example"},{"extension":[{"url":"http://hl7.org/fhir/StructureDefinition/implementationguide-page","valueUri":"MedicationAdministration-a4d97476-39fa-46c6-bf2e-1fb153a7bbe3.html"}],"reference":{"reference":"MedicationAdministration/a4d97476-39fa-46c6-bf2e-1fb153a7bbe3"},"name":"Kanta PHR - Insulin dosage optional","description":"An example insulin dosage with optional elements.","exampleCanonical":"http://fhir.fi/finnish-base-profiles/StructureDefinition/fi-base-medication-administration","groupingId":"-ex-example"},{"extension":[{"url":"http://hl7.org/fhir/StructureDefinition/implementationguide-page","valueUri":"MedicationAdministration-a4d97476-39fa-46c6-bf2e-1fb153a7bbe2.html"}],"reference":{"reference":"MedicationAdministration/a4d97476-39fa-46c6-bf2e-1fb153a7bbe2"},"name":"Kanta PHR - Insulin dosage mandatory","description":"An example insulin dosage with mandatory elements.","exampleCanonical":"http://fhir.fi/finnish-base-profiles/StructureDefinition/fi-base-medication-administration","groupingId":"-ex-example"},{"extension":[{"url":"http://hl7.org/fhir/StructureDefinition/implementationguide-page","valueUri":"Observation-bloodpressure-max.html"}],"reference":{"reference":"Observation/bloodpressure-max"},"name":"Kanta PHR - blood pressure optional","description":"An example blood pressure measurement with optional elements.","exampleCanonical":"http://fhir.fi/finnish-base-profiles/StructureDefinition/fi-base-observation","groupingId":"-ex-example"},{"extension":[{"url":"http://hl7.org/fhir/StructureDefinition/implementationguide-page","valueUri":"Observation-bloodpressure-min.html"}],"reference":{"reference":"Observation/bloodpressure-min"},"name":"Kanta PHR - blood pressure mandatory","description":"An example blood pressure measurement with mandatory elements.","exampleCanonical":"http://fhir.fi/finnish-base-profiles/StructureDefinition/fi-base-observation","groupingId":"-ex-example"},{"extension":[{"url":"http://hl7.org/fhir/StructureDefinition/implementationguide-page","valueUri":"Observation-bodyweight-max.html"}],"reference":{"reference":"Observation/bodyweight-max"},"name":"Kanta PHR - body weight optional","description":"An example body weight measurement with optional elements.","exampleCanonical":"http://fhir.fi/finnish-base-profiles/StructureDefinition/fi-base-observation","groupingId":"-ex-example"},{"extension":[{"url":"http://hl7.org/fhir/StructureDefinition/implementationguide-page","valueUri":"Observation-bodyweight-min.html"}],"reference":{"reference":"Observation/bodyweight-min"},"name":"Kanta PHR - body weight mandatory","description":"An example body weight measurement with mandatory elements.","exampleCanonical":"http://fhir.fi/finnish-base-profiles/StructureDefinition/fi-base-observation","groupingId":"-ex-example"},{"extension":[{"url":"http://hl7.org/fhir/StructureDefinition/implementationguide-page","valueUri":"Observation-542ae72e-c3b0-404f-8c06-8f77441e89f8.html"}],"reference":{"reference":"Observation/542ae72e-c3b0-404f-8c06-8f77441e89f8"},"name":"Kanta PHR - calorie intake optional","description":"An example calorie intake measurement with optional elements.","exampleCanonical":"http://fhir.fi/finnish-base-profiles/StructureDefinition/fi-base-observation","groupingId":"-ex-example"},{"extension":[{"url":"http://hl7.org/fhir/StructureDefinition/implementationguide-page","valueUri":"Observation-542ae72e-c3b0-404f-8c06-8f77441e89f7.html"}],"reference":{"reference":"Observation/542ae72e-c3b0-404f-8c06-8f77441e89f7"},"name":"Kanta PHR - calorie intake mandatory","description":"An example calorie intake measurement with mandatory elements.","exampleCanonical":"http://fhir.fi/finnish-base-profiles/StructureDefinition/fi-base-observation","groupingId":"-ex-example"},{"extension":[{"url":"http://hl7.org/fhir/StructureDefinition/implementationguide-page","valueUri":"Observation-2894b2e6-7ebf-4c33-93e4-31935effff22.html"}],"reference":{"reference":"Observation/2894b2e6-7ebf-4c33-93e4-31935effff22"},"name":"Kanta PHR - carbohydrate intake optional","description":"An example estimated carbohydrate intake measurement with optional elements.","exampleCanonical":"http://fhir.fi/finnish-base-profiles/StructureDefinition/fi-base-observation","groupingId":"-ex-example"},{"extension":[{"url":"http://hl7.org/fhir/StructureDefinition/implementationguide-page","valueUri":"Observation-2894b2e6-7ebf-4c33-93e4-31935effff21.html"}],"reference":{"reference":"Observation/2894b2e6-7ebf-4c33-93e4-31935effff21"},"name":"Kanta PHR - carbohydrate intake mandatory","description":"An example estimated carbohydrate intake measurement with mandatory elements.","exampleCanonical":"http://fhir.fi/finnish-base-profiles/StructureDefinition/fi-base-observation","groupingId":"-ex-example"},{"extension":[{"url":"http://hl7.org/fhir/StructureDefinition/implementationguide-page","valueUri":"Observation-71831b54-1a80-47c5-ba84-0180a5eb784b.html"}],"reference":{"reference":"Observation/71831b54-1a80-47c5-ba84-0180a5eb784b"},"name":"Kanta PHR - exercise tracking optional","description":"An example exercise tracking measurement with optional elements.","exampleCanonical":"http://fhir.fi/finnish-base-profiles/StructureDefinition/fi-base-observation","groupingId":"-ex-example"},{"extension":[{"url":"http://hl7.org/fhir/StructureDefinition/implementationguide-page","valueUri":"Observation-71831b54-1a80-47c5-ba84-0180a5eb784a.html"}],"reference":{"reference":"Observation/71831b54-1a80-47c5-ba84-0180a5eb784a"},"name":"Kanta PHR - exercise tracking mandatory","description":"An example exercise tracking measurement with mandatory elements.","exampleCanonical":"http://fhir.fi/finnish-base-profiles/StructureDefinition/fi-base-observation","groupingId":"-ex-example"},{"extension":[{"url":"http://hl7.org/fhir/StructureDefinition/implementationguide-page","valueUri":"Observation-48983b8b-ead3-4206-9583-fcdd40d762b7.html"}],"reference":{"reference":"Observation/48983b8b-ead3-4206-9583-fcdd40d762b7"},"name":"Kanta PHR - MET measurement optional","description":"An example MET measurement with optional elements.","exampleCanonical":"http://fhir.fi/finnish-base-profiles/StructureDefinition/fi-base-observation","groupingId":"-ex-example"},{"extension":[{"url":"http://hl7.org/fhir/StructureDefinition/implementationguide-page","valueUri":"Observation-48983b8b-ead3-4206-9583-fcdd40d762b6.html"}],"reference":{"reference":"Observation/48983b8b-ead3-4206-9583-fcdd40d762b6"},"name":"Kanta PHR - MET measurement mandatory","description":"An example MET measurement with mandatory elements.","exampleCanonical":"http://fhir.fi/finnish-base-profiles/StructureDefinition/fi-base-observation","groupingId":"-ex-example"},{"extension":[{"url":"http://hl7.org/fhir/StructureDefinition/implementationguide-page","valueUri":"Observation-mtvpa-max.html"}],"reference":{"reference":"Observation/mtvpa-max"},"name":"Kanta PHR - physical activity optional","description":"An example physical activity measurement with optional elements.","exampleCanonical":"http://fhir.fi/finnish-base-profiles/StructureDefinition/fi-base-observation","groupingId":"-ex-example"},{"extension":[{"url":"http://hl7.org/fhir/StructureDefinition/implementationguide-page","valueUri":"Observation-mtvpa-min.html"}],"reference":{"reference":"Observation/mtvpa-min"},"name":"Kanta PHR - physical activity mandatory","description":"An example physical activity measurement with mandatory elements.","exampleCanonical":"http://fhir.fi/finnish-base-profiles/StructureDefinition/fi-base-observation","groupingId":"-ex-example"},{"extension":[{"url":"http://hl7.org/fhir/StructureDefinition/implementationguide-page","valueUri":"Observation-4137d1c4-1e87-4e86-8c15-344ad086e3f9.html"}],"reference":{"reference":"Observation/4137d1c4-1e87-4e86-8c15-344ad086e3f9"},"name":"Kanta PHR - step count optional","description":"An example step count measurement with optional elements.","exampleCanonical":"http://fhir.fi/finnish-base-profiles/StructureDefinition/fi-base-observation","groupingId":"-ex-example"},{"extension":[{"url":"http://hl7.org/fhir/StructureDefinition/implementationguide-page","valueUri":"Observation-1153859e-0c86-1000-abb8-511d0000b222.html"}],"reference":{"reference":"Observation/1153859e-0c86-1000-abb8-511d0000b222"},"name":"1153859e-0c86-1000-abb8-511d0000b222","exampleBoolean":true,"groupingId":"-ex-example"},{"extension":[{"url":"http://hl7.org/fhir/StructureDefinition/implementationguide-page","valueUri":"Observation-bloodglucose-min.html"}],"reference":{"reference":"Observation/bloodglucose-min"},"name":"Kanta PHR - blood glucose mandatory","description":"An example blood glucose measurement with mandatory elements.","exampleCanonical":"http://fhir.fi/finnish-base-profiles/StructureDefinition/fi-base-observation","groupingId":"-ex-example"},{"extension":[{"url":"http://hl7.org/fhir/StructureDefinition/implementationguide-page","valueUri":"Bundle-diabetes-data-bundle-kantaphr-r4-en.html"}],"reference":{"reference":"Bundle/diabetes-data-bundle-kantaphr-r4-en"},"name":"Patient generated glucose observations and insulin administrations as a bundle, in English","description":"A Bundle of resources uploaded by a patient from a insulin delvery system containing both a continuous glucose sensor and an insulin pump. Conforms to Kanta PHR R4 profiles.","exampleCanonical":"http://fhir.fi/finnish-base-profiles/StructureDefinition/fi-base-observation","groupingId":"-ex-example"},{"extension":[{"url":"http://hl7.org/fhir/StructureDefinition/implementationguide-page","valueUri":"Bundle-diabetes-data-bundle-kantaphr-sv.html"}],"reference":{"reference":"Bundle/diabetes-data-bundle-kantaphr-sv"},"name":"Patient generated glucose observations and insulin administrations as a bundle, in Swedish","description":"A Bundle of resources uploaded by a patient from a insulin delvery system containing both a continuous glucose sensor and an insulin pump. Conforms to Kanta PHR STU3 profiles.","exampleCanonical":"http://fhir.fi/finnish-base-profiles/StructureDefinition/fi-base-observation","groupingId":"-ex-example"},{"extension":[{"url":"http://hl7.org/fhir/StructureDefinition/implementationguide-page","valueUri":"Bundle-diabetes-data-bundle.html"}],"reference":{"reference":"Bundle/diabetes-data-bundle"},"name":"Patient generated glucose observations and insulin administrations as a bundle, in Finnish","description":"A Bundle of resources uploaded by a patient from a insulin delvery system containing both a continuous glucose sensor and an insulin pump.","exampleCanonical":"http://fhir.fi/finnish-base-profiles/StructureDefinition/fi-base-observation","groupingId":"-ex-example"},{"extension":[{"url":"http://hl7.org/fhir/StructureDefinition/implementationguide-page","valueUri":"CarePlan-b88191e3-ea47-4feb-9da9-e3b359fa8fca.html"}],"reference":{"reference":"CarePlan/b88191e3-ea47-4feb-9da9-e3b359fa8fca"},"name":"b88191e3-ea47-4feb-9da9-e3b359fa8fca","description":"Selkäkipusi takia sinun tulisi hakeutua välittömästi päivystysvastaanotolle. Alaselkäkipu on paikallista ja kestänyt 1 - 4 viikkoa. Potilaalla on kuumetta 38C , potilas on sairastanut syövän tai sairastaa syöpää, vaikeuksia pidättää virtsaa, vaikeuksia pidättää ulostetta ja vaikeuksia virtsaamisessa (virtsaaminen ei onnistu). Kiireellisesti terveydenhuollon ammattilaisen arviota vaativat oireet: virtsainkontinenssi, virtsaamisvaikeus ja ulosteinkontinenssi. Selkäoireeseen liittyy kipua, jonka voimakkuus on 5/10. Selkäkipu on alkanut välittömästi kaatumisen, selkään kohdistuneen iskun tai muun tapaturman jälkeen. Tapaturman sattumistapa: Kompastuin kengännauhoihin. Yleisvointi on kohtalainen (pystyy tekemään pakolliset päivittäiset toiminnot). Kipulääke auttaa. Tarvitsee sairauslomaa.","exampleBoolean":true,"groupingId":"-ex-example"},{"extension":[{"url":"http://hl7.org/fhir/StructureDefinition/implementationguide-page","valueUri":"CarePlan-care-plan-optional.html"}],"reference":{"reference":"CarePlan/care-plan-optional"},"name":"care-plan-optional","description":"<div class=\"read-alert\"><p>Selkäkipusi takia sinun tulisi hakeutua välittömästi päivystysvastaanotolle.</p></div> <div class=\"read-reminder\"><p>Esitiedot Omaolo-oirearviosta (22.5.2020 klo 12:13:14):  Alaselkäkipu on paikallista ja kestänyt 1 - 4 viikkoa.  Potilaalla on kuumetta 38°C , potilas on sairastanut syövän tai sairastaa syöpää, vaikeuksia pidättää virtsaa, vaikeuksia pidättää ulostetta ja vaikeuksia virtsaamisessa (virtsaaminen ei onnistu).  Kiireellisesti terveydenhuollon ammattilaisen arviota vaativat oireet: virtsainkontinenssi, virtsaamisvaikeus ja ulosteinkontinenssi. Selkäoireeseen liittyy kipua, jonka voimakkuus on 5/10. Selkäkipu on alkanut välittömästi kaatumisen, selkään kohdistuneen iskun tai muun tapaturman jälkeen. Tapaturman sattumistapa: Kompastuin kengännauhoihin. Yleisvointi on kohtalainen (pystyy tekemään pakolliset päivittäiset toiminnot). Kipulääke auttaa. Tarvitsee sairauslomaa.</p></div>","exampleBoolean":true,"groupingId":"-ex-example"},{"extension":[{"url":"http://hl7.org/fhir/StructureDefinition/implementationguide-page","valueUri":"Patient-36749a02-1710-44e7-aa76-0e934eb7860a.html"}],"reference":{"reference":"Patient/36749a02-1710-44e7-aa76-0e934eb7860a"},"name":"36749a02-1710-44e7-aa76-0e934eb7860a","exampleBoolean":true,"groupingId":"-ex-example"},{"extension":[{"url":"http://hl7.org/fhir/StructureDefinition/implementationguide-page","valueUri":"MedicationAdministration-medication-administration-insulin-basal-dose-kanta-stu3-sv.html"}],"reference":{"reference":"MedicationAdministration/medication-administration-insulin-basal-dose-kanta-stu3-sv"},"name":"MedicationAdministration example of insulin basal dose","description":"A basal dose of fast-acting insulin, administred with an insulin pump. Conforms to the Kanta PHR profile, version STU3. In Swedish.","exampleCanonical":"http://fhir.fi/finnish-base-profiles/StructureDefinition/fi-base-medication-administration","groupingId":"-ex-example"},{"extension":[{"url":"http://hl7.org/fhir/StructureDefinition/implementationguide-page","valueUri":"MedicationAdministration-medication-administration-insulin-bolus-dose-fi.html"}],"reference":{"reference":"MedicationAdministration/medication-administration-insulin-bolus-dose-fi"},"name":"MedicationAdministration example of insulin dose","description":"A bolus dose of fast-acting insulin, administred with an insulin pump. In Finnish.","exampleCanonical":"http://fhir.fi/finnish-base-profiles/StructureDefinition/fi-base-medication-administration","groupingId":"-ex-example"},{"extension":[{"url":"http://hl7.org/fhir/StructureDefinition/implementationguide-page","valueUri":"MedicationAdministration-medication-administration-insulin-dose-temp-basal-rate-kanta-en.html"}],"reference":{"reference":"MedicationAdministration/medication-administration-insulin-dose-temp-basal-rate-kanta-en"},"name":"MedicationAdministration example of temporary basal rate","description":"A temporarily adjusted basal dose of fast-acting insulin, administred with an insulin pump. Conforms to the Kanta PHR profile. In English.","exampleCanonical":"http://fhir.fi/finnish-base-profiles/StructureDefinition/fi-base-medication-administration","groupingId":"-ex-example"},{"extension":[{"url":"http://hl7.org/fhir/StructureDefinition/implementationguide-page","valueUri":"Observation-4137d1c4-1e87-4e86-8c15-344ad086e3f8.html"}],"reference":{"reference":"Observation/4137d1c4-1e87-4e86-8c15-344ad086e3f8"},"name":"Kanta PHR - step count mandatory","description":"An example step count measurement with mandatory elements.","exampleCanonical":"http://fhir.fi/finnish-base-profiles/StructureDefinition/fi-base-observation","groupingId":"-ex-example"},{"extension":[{"url":"http://hl7.org/fhir/StructureDefinition/implementationguide-page","valueUri":"Observation-bloodglucose-as-text.html"}],"reference":{"reference":"Observation/bloodglucose-as-text"},"name":"Kanta PHR - blood glucose result as text","description":"This is an example, where measurement device has failed to measure numerical value for the blood glucose but the device still can store some result in the narrative element. In this case code 'astext' must be used in dataAbsentReason.coding.code.","exampleCanonical":"http://fhir.fi/finnish-base-profiles/StructureDefinition/fi-base-observation","groupingId":"-ex-example"},{"extension":[{"url":"http://hl7.org/fhir/StructureDefinition/implementationguide-page","valueUri":"Observation-bloodglucose-data-absent.html"}],"reference":{"reference":"Observation/bloodglucose-data-absent"},"name":"Kanta PHR - blood glucose with data absent","description":"This is an example, where measurement device has failed to measure blood glucose reading. In this case 'error' must be used in dataAbsentReason.coding.code.","exampleCanonical":"http://fhir.fi/finnish-base-profiles/StructureDefinition/fi-base-observation","groupingId":"-ex-example"}],"page":{"extension":[{"url":"http://hl7.org/fhir/tools/StructureDefinition/ig-page-name","valueUrl":"toc.html"}],"nameUrl":"toc.html","title":"Table of Contents","generation":"html","page":[{"extension":[{"url":"http://hl7.org/fhir/tools/StructureDefinition/ig-page-name","valueUrl":"index.html"}],"nameUrl":"index.html","title":"Home","generation":"markdown"},{"extension":[{"url":"http://hl7.org/fhir/tools/StructureDefinition/ig-page-name","valueUrl":"profiles.html"}],"nameUrl":"profiles.html","title":"Profiles","generation":"markdown"},{"extension":[{"url":"http://hl7.org/fhir/tools/StructureDefinition/ig-page-name","valueUrl":"extensions.html"}],"nameUrl":"extensions.html","title":"Extensions","generation":"markdown"},{"extension":[{"url":"http://hl7.org/fhir/tools/StructureDefinition/ig-page-name","valueUrl":"terminology.html"}],"nameUrl":"terminology.html","title":"Terminology","generation":"markdown"},{"extension":[{"url":"http://hl7.org/fhir/tools/StructureDefinition/ig-page-name","valueUrl":"examples.html"}],"nameUrl":"examples.html","title":"Examples","generation":"markdown"},{"extension":[{"url":"http://hl7.org/fhir/tools/StructureDefinition/ig-page-name","valueUrl":"downloads.html"}],"nameUrl":"downloads.html","title":"Downloads","generation":"markdown"},{"extension":[{"url":"http://hl7.org/fhir/tools/StructureDefinition/ig-page-name","valueUrl":"history.html"}],"nameUrl":"history.html","title":"Version History","generation":"markdown"},{"extension":[{"url":"http://hl7.org/fhir/tools/StructureDefinition/ig-page-name","valueUrl":"artifacts.html"}],"nameUrl":"artifacts.html","title":"Artifacts Summary","generation":"html","page":[{"extension":[{"url":"http://hl7.org/fhir/tools/StructureDefinition/ig-page-name","valueUrl":"StructureDefinition-fi-base-appointment.html"}],"nameUrl":"StructureDefinition-fi-base-appointment.html","title":"FI Base Appointment","generation":"generated"},{"extension":[{"url":"http://hl7.org/fhir/tools/StructureDefinition/ig-page-name","valueUrl":"StructureDefinition-fi-base-condition.html"}],"nameUrl":"StructureDefinition-fi-base-condition.html","title":"FI Base Condition","generation":"generated"},{"extension":[{"url":"http://hl7.org/fhir/tools/StructureDefinition/ig-page-name","valueUrl":"StructureDefinition-fi-base-consent.html"}],"nameUrl":"StructureDefinition-fi-base-consent.html","title":"FI Base Consent","generation":"generated"},{"extension":[{"url":"http://hl7.org/fhir/tools/StructureDefinition/ig-page-name","valueUrl":"StructureDefinition-fi-base-device.html"}],"nameUrl":"StructureDefinition-fi-base-device.html","title":"FI Base Device","generation":"generated"},{"extension":[{"url":"http://hl7.org/fhir/tools/StructureDefinition/ig-page-name","valueUrl":"StructureDefinition-fi-base-diagnostic-report.html"}],"nameUrl":"StructureDefinition-fi-base-diagnostic-report.html","title":"FI Base DiagnosticReport","generation":"generated"},{"extension":[{"url":"http://hl7.org/fhir/tools/StructureDefinition/ig-page-name","valueUrl":"StructureDefinition-fi-base-encounter.html"}],"nameUrl":"StructureDefinition-fi-base-encounter.html","title":"FI Base Encounter","generation":"generated"},{"extension":[{"url":"http://hl7.org/fhir/tools/StructureDefinition/ig-page-name","valueUrl":"StructureDefinition-fi-base-healthcare-service.html"}],"nameUrl":"StructureDefinition-fi-base-healthcare-service.html","title":"FI Base HealthcareService","generation":"generated"},{"extension":[{"url":"http://hl7.org/fhir/tools/StructureDefinition/ig-page-name","valueUrl":"StructureDefinition-fi-base-location.html"}],"nameUrl":"StructureDefinition-fi-base-location.html","title":"FI Base Location","generation":"generated"},{"extension":[{"url":"http://hl7.org/fhir/tools/StructureDefinition/ig-page-name","valueUrl":"StructureDefinition-fi-base-medication.html"}],"nameUrl":"StructureDefinition-fi-base-medication.html","title":"FI Base Medication","generation":"generated"},{"extension":[{"url":"http://hl7.org/fhir/tools/StructureDefinition/ig-page-name","valueUrl":"StructureDefinition-fi-base-medication-administration.html"}],"nameUrl":"StructureDefinition-fi-base-medication-administration.html","title":"FI Base MedicationAdministration","generation":"generated"},{"extension":[{"url":"http://hl7.org/fhir/tools/StructureDefinition/ig-page-name","valueUrl":"StructureDefinition-fi-base-medication-statement.html"}],"nameUrl":"StructureDefinition-fi-base-medication-statement.html","title":"FI Base MedicationStatement","generation":"generated"},{"extension":[{"url":"http://hl7.org/fhir/tools/StructureDefinition/ig-page-name","valueUrl":"StructureDefinition-fi-base-observation.html"}],"nameUrl":"StructureDefinition-fi-base-observation.html","title":"FI Base Observation","generation":"generated"},{"extension":[{"url":"http://hl7.org/fhir/tools/StructureDefinition/ig-page-name","valueUrl":"StructureDefinition-fi-base-organization.html"}],"nameUrl":"StructureDefinition-fi-base-organization.html","title":"FI Base Organization","generation":"generated"},{"extension":[{"url":"http://hl7.org/fhir/tools/StructureDefinition/ig-page-name","valueUrl":"StructureDefinition-fi-base-patient.html"}],"nameUrl":"StructureDefinition-fi-base-patient.html","title":"FI Base Patient","generation":"generated"},{"extension":[{"url":"http://hl7.org/fhir/tools/StructureDefinition/ig-page-name","valueUrl":"StructureDefinition-fi-base-practitioner.html"}],"nameUrl":"StructureDefinition-fi-base-practitioner.html","title":"FI Base Practitioner","generation":"generated"},{"extension":[{"url":"http://hl7.org/fhir/tools/StructureDefinition/ig-page-name","valueUrl":"StructureDefinition-fi-base-practitioner-role.html"}],"nameUrl":"StructureDefinition-fi-base-practitioner-role.html","title":"FI Base PractitionerRole","generation":"generated"},{"extension":[{"url":"http://hl7.org/fhir/tools/StructureDefinition/ig-page-name","valueUrl":"StructureDefinition-fi-base-procedure.html"}],"nameUrl":"StructureDefinition-fi-base-procedure.html","title":"Fi Base Procedure","generation":"generated"},{"extension":[{"url":"http://hl7.org/fhir/tools/StructureDefinition/ig-page-name","valueUrl":"StructureDefinition-fi-base-schedule.html"}],"nameUrl":"StructureDefinition-fi-base-schedule.html","title":"FI Base Schedule","generation":"generated"},{"extension":[{"url":"http://hl7.org/fhir/tools/StructureDefinition/ig-page-name","valueUrl":"StructureDefinition-fi-base-slot.html"}],"nameUrl":"StructureDefinition-fi-base-slot.html","title":"FI Base Slot","generation":"generated"},{"extension":[{"url":"http://hl7.org/fhir/tools/StructureDefinition/ig-page-name","valueUrl":"StructureDefinition-municipality-code.html"}],"nameUrl":"StructureDefinition-municipality-code.html","title":"MunicipalityCode","generation":"generated"},{"extension":[{"url":"http://hl7.org/fhir/tools/StructureDefinition/ig-page-name","valueUrl":"StructureDefinition-patient-profession.html"}],"nameUrl":"StructureDefinition-patient-profession.html","title":"Patient Profession Extension","generation":"generated"},{"extension":[{"url":"http://hl7.org/fhir/tools/StructureDefinition/ig-page-name","valueUrl":"Procedure-ColonBiopsy.html"}],"nameUrl":"Procedure-ColonBiopsy.html","title":"Biopsy of Colon procedure example","generation":"generated"},{"extension":[{"url":"http://hl7.org/fhir/tools/StructureDefinition/ig-page-name","valueUrl":"Location-LocationExample.html"}],"nameUrl":"Location-LocationExample.html","title":"LocationExample","generation":"generated"},{"extension":[{"url":"http://hl7.org/fhir/tools/StructureDefinition/ig-page-name","valueUrl":"Practitioner-PractitionerLicensedPhysician.html"}],"nameUrl":"Practitioner-PractitionerLicensedPhysician.html","title":"PractitionerLicensedPhysician","generation":"generated"},{"extension":[{"url":"http://hl7.org/fhir/tools/StructureDefinition/ig-page-name","valueUrl":"Procedure-ProcedureColotomy.html"}],"nameUrl":"Procedure-ProcedureColotomy.html","title":"Procedure Colotomy example","generation":"generated"},{"extension":[{"url":"http://hl7.org/fhir/tools/StructureDefinition/ig-page-name","valueUrl":"Appointment-appointment-general-practitioner.html"}],"nameUrl":"Appointment-appointment-general-practitioner.html","title":"A121801","generation":"generated"},{"extension":[{"url":"http://hl7.org/fhir/tools/StructureDefinition/ig-page-name","valueUrl":"HealthcareService-healthcareService-example.html"}],"nameUrl":"HealthcareService-healthcareService-example.html","title":"AT-340","generation":"generated"},{"extension":[{"url":"http://hl7.org/fhir/tools/StructureDefinition/ig-page-name","valueUrl":"Encounter-id-for-visit.html"}],"nameUrl":"Encounter-id-for-visit.html","title":"Encounter - patient primary care visit","generation":"generated"},{"extension":[{"url":"http://hl7.org/fhir/tools/StructureDefinition/ig-page-name","valueUrl":"Encounter-id-for-ward-encounter.html"}],"nameUrl":"Encounter-id-for-ward-encounter.html","title":"Encounter - patient is currently receiving care at a ward treating surgical patients","generation":"generated"},{"extension":[{"url":"http://hl7.org/fhir/tools/StructureDefinition/ig-page-name","valueUrl":"Patient-patient-of-municipality.html"}],"nameUrl":"Patient-patient-of-municipality.html","title":"Patient - with the MunicipalityCode extension.","generation":"generated"},{"extension":[{"url":"http://hl7.org/fhir/tools/StructureDefinition/ig-page-name","valueUrl":"Observation-bloodglucose-max.html"}],"nameUrl":"Observation-bloodglucose-max.html","title":"Kanta PHR - blood glucose optional","generation":"generated"},{"extension":[{"url":"http://hl7.org/fhir/tools/StructureDefinition/ig-page-name","valueUrl":"MedicationAdministration-a4d97476-39fa-46c6-bf2e-1fb153a7bbe3.html"}],"nameUrl":"MedicationAdministration-a4d97476-39fa-46c6-bf2e-1fb153a7bbe3.html","title":"Kanta PHR - Insulin dosage optional","generation":"generated"},{"extension":[{"url":"http://hl7.org/fhir/tools/StructureDefinition/ig-page-name","valueUrl":"MedicationAdministration-a4d97476-39fa-46c6-bf2e-1fb153a7bbe2.html"}],"nameUrl":"MedicationAdministration-a4d97476-39fa-46c6-bf2e-1fb153a7bbe2.html","title":"Kanta PHR - Insulin dosage mandatory","generation":"generated"},{"extension":[{"url":"http://hl7.org/fhir/tools/StructureDefinition/ig-page-name","valueUrl":"Observation-bloodpressure-max.html"}],"nameUrl":"Observation-bloodpressure-max.html","title":"Kanta PHR - blood pressure optional","generation":"generated"},{"extension":[{"url":"http://hl7.org/fhir/tools/StructureDefinition/ig-page-name","valueUrl":"Observation-bloodpressure-min.html"}],"nameUrl":"Observation-bloodpressure-min.html","title":"Kanta PHR - blood pressure mandatory","generation":"generated"},{"extension":[{"url":"http://hl7.org/fhir/tools/StructureDefinition/ig-page-name","valueUrl":"Observation-bodyweight-max.html"}],"nameUrl":"Observation-bodyweight-max.html","title":"Kanta PHR - body weight optional","generation":"generated"},{"extension":[{"url":"http://hl7.org/fhir/tools/StructureDefinition/ig-page-name","valueUrl":"Observation-bodyweight-min.html"}],"nameUrl":"Observation-bodyweight-min.html","title":"Kanta PHR - body weight mandatory","generation":"generated"},{"extension":[{"url":"http://hl7.org/fhir/tools/StructureDefinition/ig-page-name","valueUrl":"Observation-542ae72e-c3b0-404f-8c06-8f77441e89f8.html"}],"nameUrl":"Observation-542ae72e-c3b0-404f-8c06-8f77441e89f8.html","title":"Kanta PHR - calorie intake optional","generation":"generated"},{"extension":[{"url":"http://hl7.org/fhir/tools/StructureDefinition/ig-page-name","valueUrl":"Observation-542ae72e-c3b0-404f-8c06-8f77441e89f7.html"}],"nameUrl":"Observation-542ae72e-c3b0-404f-8c06-8f77441e89f7.html","title":"Kanta PHR - calorie intake mandatory","generation":"generated"},{"extension":[{"url":"http://hl7.org/fhir/tools/StructureDefinition/ig-page-name","valueUrl":"Observation-2894b2e6-7ebf-4c33-93e4-31935effff22.html"}],"nameUrl":"Observation-2894b2e6-7ebf-4c33-93e4-31935effff22.html","title":"Kanta PHR - carbohydrate intake optional","generation":"generated"},{"extension":[{"url":"http://hl7.org/fhir/tools/StructureDefinition/ig-page-name","valueUrl":"Observation-2894b2e6-7ebf-4c33-93e4-31935effff21.html"}],"nameUrl":"Observation-2894b2e6-7ebf-4c33-93e4-31935effff21.html","title":"Kanta PHR - carbohydrate intake mandatory","generation":"generated"},{"extension":[{"url":"http://hl7.org/fhir/tools/StructureDefinition/ig-page-name","valueUrl":"Observation-71831b54-1a80-47c5-ba84-0180a5eb784b.html"}],"nameUrl":"Observation-71831b54-1a80-47c5-ba84-0180a5eb784b.html","title":"Kanta PHR - exercise tracking optional","generation":"generated"},{"extension":[{"url":"http://hl7.org/fhir/tools/StructureDefinition/ig-page-name","valueUrl":"Observation-71831b54-1a80-47c5-ba84-0180a5eb784a.html"}],"nameUrl":"Observation-71831b54-1a80-47c5-ba84-0180a5eb784a.html","title":"Kanta PHR - exercise tracking mandatory","generation":"generated"},{"extension":[{"url":"http://hl7.org/fhir/tools/StructureDefinition/ig-page-name","valueUrl":"Observation-48983b8b-ead3-4206-9583-fcdd40d762b7.html"}],"nameUrl":"Observation-48983b8b-ead3-4206-9583-fcdd40d762b7.html","title":"Kanta PHR - MET measurement optional","generation":"generated"},{"extension":[{"url":"http://hl7.org/fhir/tools/StructureDefinition/ig-page-name","valueUrl":"Observation-48983b8b-ead3-4206-9583-fcdd40d762b6.html"}],"nameUrl":"Observation-48983b8b-ead3-4206-9583-fcdd40d762b6.html","title":"Kanta PHR - MET measurement mandatory","generation":"generated"},{"extension":[{"url":"http://hl7.org/fhir/tools/StructureDefinition/ig-page-name","valueUrl":"Observation-mtvpa-max.html"}],"nameUrl":"Observation-mtvpa-max.html","title":"Kanta PHR - physical activity optional","generation":"generated"},{"extension":[{"url":"http://hl7.org/fhir/tools/StructureDefinition/ig-page-name","valueUrl":"Observation-mtvpa-min.html"}],"nameUrl":"Observation-mtvpa-min.html","title":"Kanta PHR - physical activity mandatory","generation":"generated"},{"extension":[{"url":"http://hl7.org/fhir/tools/StructureDefinition/ig-page-name","valueUrl":"Observation-4137d1c4-1e87-4e86-8c15-344ad086e3f9.html"}],"nameUrl":"Observation-4137d1c4-1e87-4e86-8c15-344ad086e3f9.html","title":"Kanta PHR - step count optional","generation":"generated"},{"extension":[{"url":"http://hl7.org/fhir/tools/StructureDefinition/ig-page-name","valueUrl":"Observation-1153859e-0c86-1000-abb8-511d0000b222.html"}],"nameUrl":"Observation-1153859e-0c86-1000-abb8-511d0000b222.html","title":"1153859e-0c86-1000-abb8-511d0000b222","generation":"generated"},{"extension":[{"url":"http://hl7.org/fhir/tools/StructureDefinition/ig-page-name","valueUrl":"Observation-bloodglucose-min.html"}],"nameUrl":"Observation-bloodglucose-min.html","title":"Kanta PHR - blood glucose mandatory","generation":"generated"},{"extension":[{"url":"http://hl7.org/fhir/tools/StructureDefinition/ig-page-name","valueUrl":"Bundle-diabetes-data-bundle-kantaphr-r4-en.html"}],"nameUrl":"Bundle-diabetes-data-bundle-kantaphr-r4-en.html","title":"Patient generated glucose observations and insulin administrations as a bundle, in English","generation":"generated"},{"extension":[{"url":"http://hl7.org/fhir/tools/StructureDefinition/ig-page-name","valueUrl":"Bundle-diabetes-data-bundle-kantaphr-sv.html"}],"nameUrl":"Bundle-diabetes-data-bundle-kantaphr-sv.html","title":"Patient generated glucose observations and insulin administrations as a bundle, in Swedish","generation":"generated"},{"extension":[{"url":"http://hl7.org/fhir/tools/StructureDefinition/ig-page-name","valueUrl":"Bundle-diabetes-data-bundle.html"}],"nameUrl":"Bundle-diabetes-data-bundle.html","title":"Patient generated glucose observations and insulin administrations as a bundle, in Finnish","generation":"generated"},{"extension":[{"url":"http://hl7.org/fhir/tools/StructureDefinition/ig-page-name","valueUrl":"CarePlan-b88191e3-ea47-4feb-9da9-e3b359fa8fca.html"}],"nameUrl":"CarePlan-b88191e3-ea47-4feb-9da9-e3b359fa8fca.html","title":"b88191e3-ea47-4feb-9da9-e3b359fa8fca","generation":"generated"},{"extension":[{"url":"http://hl7.org/fhir/tools/StructureDefinition/ig-page-name","valueUrl":"CarePlan-care-plan-optional.html"}],"nameUrl":"CarePlan-care-plan-optional.html","title":"care-plan-optional","generation":"generated"},{"extension":[{"url":"http://hl7.org/fhir/tools/StructureDefinition/ig-page-name","valueUrl":"Patient-36749a02-1710-44e7-aa76-0e934eb7860a.html"}],"nameUrl":"Patient-36749a02-1710-44e7-aa76-0e934eb7860a.html","title":"36749a02-1710-44e7-aa76-0e934eb7860a","generation":"generated"},{"extension":[{"url":"http://hl7.org/fhir/tools/StructureDefinition/ig-page-name","valueUrl":"MedicationAdministration-medication-administration-insulin-basal-dose-kanta-stu3-sv.html"}],"nameUrl":"MedicationAdministration-medication-administration-insulin-basal-dose-kanta-stu3-sv.html","title":"MedicationAdministration example of insulin basal dose","generation":"generated"},{"extension":[{"url":"http://hl7.org/fhir/tools/StructureDefinition/ig-page-name","valueUrl":"MedicationAdministration-medication-administration-insulin-bolus-dose-fi.html"}],"nameUrl":"MedicationAdministration-medication-administration-insulin-bolus-dose-fi.html","title":"MedicationAdministration example of insulin dose","generation":"generated"},{"extension":[{"url":"http://hl7.org/fhir/tools/StructureDefinition/ig-page-name","valueUrl":"MedicationAdministration-medication-administration-insulin-dose-temp-basal-rate-kanta-en.html"}],"nameUrl":"MedicationAdministration-medication-administration-insulin-dose-temp-basal-rate-kanta-en.html","title":"MedicationAdministration example of temporary basal rate","generation":"generated"},{"extension":[{"url":"http://hl7.org/fhir/tools/StructureDefinition/ig-page-name","valueUrl":"Observation-4137d1c4-1e87-4e86-8c15-344ad086e3f8.html"}],"nameUrl":"Observation-4137d1c4-1e87-4e86-8c15-344ad086e3f8.html","title":"Kanta PHR - step count mandatory","generation":"generated"},{"extension":[{"url":"http://hl7.org/fhir/tools/StructureDefinition/ig-page-name","valueUrl":"Observation-bloodglucose-as-text.html"}],"nameUrl":"Observation-bloodglucose-as-text.html","title":"Kanta PHR - blood glucose result as text","generation":"generated"},{"extension":[{"url":"http://hl7.org/fhir/tools/StructureDefinition/ig-page-name","valueUrl":"Observation-bloodglucose-data-absent.html"}],"nameUrl":"Observation-bloodglucose-data-absent.html","title":"Kanta PHR - blood glucose with data absent","generation":"generated"}]}]},"parameter":[{"code":"path-resource","value":"input/capabilities"},{"code":"path-resource","value":"input/examples"},{"code":"path-resource","value":"input/extensions"},{"code":"path-resource","value":"input/models"},{"code":"path-resource","value":"input/operations"},{"code":"path-resource","value":"input/profiles"},{"code":"path-resource","value":"input/resources"},{"code":"path-resource","value":"input/vocabulary"},{"code":"path-resource","value":"input/maps"},{"code":"path-resource","value":"input/testing"},{"code":"path-resource","value":"input/history"},{"code":"path-resource","value":"fsh-generated/resources"},{"code":"path-pages","value":"template/config"},{"code":"path-pages","value":"input/images"},{"code":"path-tx-cache","value":"input-cache/txcache"}]}}