{
  "resourceType" : "ValueSet",
  "id" : "fiphr-vs-fitnessresult",
  "text" : {
    "status" : "extensions",
    "div" : "<div xmlns=\"http://www.w3.org/1999/xhtml\"><p>This value set includes codes based on the following rules:</p><ul><li>Include these codes as defined in <a href=\"http://loinc.org\"><code>http://loinc.org</code></a><table class=\"none\"><tr><td style=\"white-space:nowrap\"><b>Code</b></td><td><b>Display</b></td><td><b>Finnish (fi)</b></td><td><b>Swedish (sv)</b></td><td><b>English (English, en)</b></td></tr><tr><td><a href=\"https://loinc.org/55421-2/\">55421-2</a></td><td>Calories burned</td><td>Energiankulutus</td><td>Energiförbrukning</td><td>Calories burned</td></tr><tr><td><a href=\"https://loinc.org/41979-6/\">41979-6</a></td><td>Calories burned in 24h</td><td>Energiankulutus vuorokaudessa</td><td>Energiförbrukning 24h</td><td>Calories burned in 24h</td></tr><tr><td><a href=\"https://loinc.org/41980-4/\">41980-4</a></td><td>Weekly calories burned</td><td>Energiankulutus viikossa</td><td>Energiförbrukning i en vecka</td><td>Weekly calories burned</td></tr><tr><td><a href=\"https://loinc.org/55430-3/\">55430-3</a></td><td>Distance</td><td>Kuljettu matka</td><td>Distans</td><td>Distance</td></tr><tr><td><a href=\"https://loinc.org/41953-1/\">41953-1</a></td><td>Distance reached in 24h</td><td>Kuljettu matka vuorokaudessa</td><td>Distans per 24h</td><td>Distance reached in 24h</td></tr><tr><td><a href=\"https://loinc.org/41955-6/\">41955-6</a></td><td>Distance reached in a week</td><td>Kuljettu matka viikossa</td><td>Distans per vecka</td><td>Distance reached in a week</td></tr><tr><td><a href=\"https://loinc.org/66334-4/\">66334-4</a></td><td>Steps</td><td>Askelmäärä</td><td>Steg</td><td>Steps</td></tr><tr><td><a href=\"https://loinc.org/41950-7/\">41950-7</a></td><td>Daily steps</td><td>Päivittäinen askelmäärä</td><td>Steg per dag</td><td>Daily steps</td></tr><tr><td><a href=\"https://loinc.org/41952-3/\">41952-3</a></td><td>Weekly steps</td><td>Viikoittainen askelmäärä</td><td>Steg per vecka</td><td>Weekly steps</td></tr><tr><td><a href=\"https://loinc.org/82290-8/\">82290-8</a></td><td>Weekly moderate to vigorous physical activity in minutes</td><td>Viikoittainen kohtuullisen ja raskaan liikunnan määrä minuutteina</td><td>Måttlig eller hård aktivitet per vecka, minuter</td><td>Weekly moderate to vigorous physical activity in minutes</td></tr></table></li><li>Include these codes as defined in <a href=\"CodeSystem-fiphr-cs-moderatetovigorouspa.html\"><code>http://phr.kanta.fi/fiphr-cs-moderatetovigorouspa</code></a><table class=\"none\"><tr><td style=\"white-space:nowrap\"><b>Code</b></td><td><b>Display</b></td><td><b>Definition</b></td><td><b>Finnish (fi)</b></td><td><b>Swedish (sv)</b></td><td><b>English (English, en)</b></td></tr><tr><td><a href=\"CodeSystem-fiphr-cs-moderatetovigorouspa.html#fiphr-cs-moderatetovigorouspa-82290-8-24h\">82290-8-24h</a></td><td>Daily moderate to vigorous physical activity in minutes</td><td>Daily PA minutes with MET &gt; 2.9</td><td>Päivittäinen kohtuullisen ja raskaan liikunnan määrä minuutteina</td><td>Måttlig eller hård aktivitet per dag, minuter</td><td>Daily moderate to vigorous physical activity in minutes</td></tr></table></li></ul></div>"
  },
  "extension" : [{
    "url" : "http://hl7.org/fhir/StructureDefinition/structuredefinition-fmm",
    "valueInteger" : 0
  }],
  "url" : "http://phr.kanta.fi/ValueSet/fiphr-vs-fitnessresult",
  "version" : "0.4.0",
  "name" : "fiphr-vs-fitnessresult",
  "title" : "Value Set Finnish PHR Fitness Results",
  "status" : "active",
  "experimental" : false,
  "date" : "2018-12-21T13:54:00+02:00",
  "publisher" : "HL7 Finland",
  "contact" : [{
    "name" : "HL7 Finland",
    "telecom" : [{
      "system" : "url",
      "value" : "https://www.hl7.fi/"
    }]
  }],
  "description" : "This value set indicates the allowed fitness or physical activity result types in Finnish PHR. The concept Daily Activity fitness panel (62812-3) is a grouping structure for a set of physical activity, and for convenience also vital sign, measurements and includes related links (with type=has-member) to the Observations in this set or the parallel Finnish PHR Vital Signs value set (e.g. steps taken, minimum or maximum heart rate, calories burned, moderate to vigorous physical activity minutes, sedentary activity minutes, sleep episodes and exercises).",
  "jurisdiction" : [{
    "coding" : [{
      "system" : "urn:iso:std:iso:3166",
      "code" : "FI",
      "display" : "Finland"
    }]
  }],
  "copyright" : "This content from LOINC? is copyright ? 1995 Regenstrief Institute, Inc. and the LOINC Committee, and available at no cost under the license at http://loinc.org/terms-of-use",
  "compose" : {
    "include" : [{
      "system" : "http://loinc.org",
      "concept" : [{
        "code" : "55421-2",
        "display" : "Calories burned",
        "designation" : [{
          "language" : "fi",
          "value" : "Energiankulutus"
        },
        {
          "language" : "sv",
          "value" : "Energiförbrukning"
        },
        {
          "language" : "en",
          "value" : "Calories burned"
        }]
      },
      {
        "code" : "41979-6",
        "display" : "Calories burned in 24h",
        "designation" : [{
          "language" : "fi",
          "value" : "Energiankulutus vuorokaudessa"
        },
        {
          "language" : "sv",
          "value" : "Energiförbrukning 24h"
        },
        {
          "language" : "en",
          "value" : "Calories burned in 24h"
        }]
      },
      {
        "code" : "41980-4",
        "display" : "Weekly calories burned",
        "designation" : [{
          "language" : "fi",
          "value" : "Energiankulutus viikossa"
        },
        {
          "language" : "sv",
          "value" : "Energiförbrukning i en vecka"
        },
        {
          "language" : "en",
          "value" : "Weekly calories burned"
        }]
      },
      {
        "code" : "55430-3",
        "display" : "Distance",
        "designation" : [{
          "language" : "fi",
          "value" : "Kuljettu matka"
        },
        {
          "language" : "sv",
          "value" : "Distans"
        },
        {
          "language" : "en",
          "value" : "Distance"
        }]
      },
      {
        "code" : "41953-1",
        "display" : "Distance reached in 24h",
        "designation" : [{
          "language" : "fi",
          "value" : "Kuljettu matka vuorokaudessa"
        },
        {
          "language" : "sv",
          "value" : "Distans per 24h"
        },
        {
          "language" : "en",
          "value" : "Distance reached in 24h"
        }]
      },
      {
        "code" : "41955-6",
        "display" : "Distance reached in a week",
        "designation" : [{
          "language" : "fi",
          "value" : "Kuljettu matka viikossa"
        },
        {
          "language" : "sv",
          "value" : "Distans per vecka"
        },
        {
          "language" : "en",
          "value" : "Distance reached in a week"
        }]
      },
      {
        "code" : "66334-4",
        "display" : "Steps",
        "designation" : [{
          "language" : "fi",
          "value" : "Askelmäärä"
        },
        {
          "language" : "sv",
          "value" : "Steg"
        },
        {
          "language" : "en",
          "value" : "Steps"
        }]
      },
      {
        "code" : "41950-7",
        "display" : "Daily steps",
        "designation" : [{
          "language" : "fi",
          "value" : "Päivittäinen askelmäärä"
        },
        {
          "language" : "sv",
          "value" : "Steg per dag"
        },
        {
          "language" : "en",
          "value" : "Daily steps"
        }]
      },
      {
        "code" : "41952-3",
        "display" : "Weekly steps",
        "designation" : [{
          "language" : "fi",
          "value" : "Viikoittainen askelmäärä"
        },
        {
          "language" : "sv",
          "value" : "Steg per vecka"
        },
        {
          "language" : "en",
          "value" : "Weekly steps"
        }]
      },
      {
        "code" : "82290-8",
        "display" : "Weekly moderate to vigorous physical activity in minutes",
        "designation" : [{
          "language" : "fi",
          "value" : "Viikoittainen kohtuullisen ja raskaan liikunnan määrä minuutteina"
        },
        {
          "language" : "sv",
          "value" : "Måttlig eller hård aktivitet per vecka, minuter"
        },
        {
          "language" : "en",
          "value" : "Weekly moderate to vigorous physical activity in minutes"
        }]
      }]
    },
    {
      "system" : "http://phr.kanta.fi/fiphr-cs-moderatetovigorouspa",
      "concept" : [{
        "code" : "82290-8-24h",
        "display" : "Daily moderate to vigorous physical activity in minutes",
        "designation" : [{
          "language" : "fi",
          "value" : "Päivittäinen kohtuullisen ja raskaan liikunnan määrä minuutteina"
        },
        {
          "language" : "sv",
          "value" : "Måttlig eller hård aktivitet per dag, minuter"
        },
        {
          "language" : "en",
          "value" : "Daily moderate to vigorous physical activity in minutes"
        }]
      }]
    }]
  }
}