<?xml version="1.0" encoding="UTF-8"?>

<Location xmlns="http://hl7.org/fhir">
  <id value="id-for-bed-3"/>
  <meta>
    <profile value="https://hl7.fi/fhir/finnish-base-profiles/StructureDefinition/fi-base-location"/>
  </meta>
  <text>
    <status value="generated"/><div xmlns="http://www.w3.org/1999/xhtml"><p><b>Generated Narrative: Location</b><a name="id-for-bed-3"> </a></p><div style="display: inline-block; background-color: #d9e0e7; padding: 6px; margin: 4px; border: 1px solid #8da1b4; border-radius: 5px; line-height: 60%"><p style="margin-bottom: 0px">Resource Location &quot;id-for-bed-3&quot; </p><p style="margin-bottom: 0px">Profile: <a href="StructureDefinition-fi-base-location.html">FI Base Location</a></p></div><p><b>status</b>: active</p><p><b>name</b>: Vuode 3</p><p><b>mode</b>: instance</p><p><b>physicalType</b>: Bed <span style="background: LightGoldenRodYellow; margin: 4px; border: 1px solid khaki"> (<a href="http://terminology.hl7.org/5.0.0/CodeSystem-location-physical-type.html">Location type</a>#bd)</span></p></div>
  </text>
  <status value="active"/>
  <name value="Vuode 3"/>
  <mode value="instance"/>
  <physicalType>
    <coding>
      <system value="http://terminology.hl7.org/CodeSystem/location-physical-type"/>
      <code value="bd"/>
    </coding>
  </physicalType>
</Location>