<?xml version="1.0" encoding="UTF-8"?>

<ValueSet xmlns="http://hl7.org/fhir">
  <id value="fiphr-vs-fitnesscategory"/>
  <text>
    <status value="generated"/><div xmlns="http://www.w3.org/1999/xhtml"><ul><li>Include all codes defined in <a href="CodeSystem-fiphr-cs-fitnesscategory.html"><code>http://phr.kanta.fi/fiphr-cs-fitnesscategory</code></a></li></ul></div>
  </text>
  <extension url="http://hl7.org/fhir/StructureDefinition/structuredefinition-fmm">
    <valueInteger value="0"/>
  </extension>
  <url value="http://phr.kanta.fi/ValueSet/fitness-category"/>
  <version value="0.2.1"/>
  <name value="fiphr-vs-fitnesscategory"/>
  <title value="Value Set Finnish PHR Fitness Category"/>
  <status value="active"/>
  <experimental value="false"/>
  <date value="2018-03-16T10:45:00+02:00"/>
  <publisher value="HL7 Finland"/>
  <contact>
    <name value="HL7 Finland"/>
    <telecom>
      <system value="url"/>
      <value value="https://www.hl7.fi/"/>
    </telecom>
  </contact>
  <description value="Fitness Category code."/>
  <jurisdiction>
    <coding>
      <system value="urn:iso:std:iso:3166"/>
      <code value="FI"/>
      <display value="Finland"/>
    </coding>
  </jurisdiction>
  <immutable value="false"/>
  <compose>
    <include>
      <system value="http://phr.kanta.fi/fiphr-cs-fitnesscategory"/>
    </include>
  </compose>
</ValueSet>