{
  "resourceType" : "CodeSystem",
  "id" : "SecurityLabelCS",
  "text" : {
    "status" : "generated",
    "div" : "<div xmlns=\"http://www.w3.org/1999/xhtml\"><p>This code system <code>https://hl7.fi/fhir/finnish-base-profiles/CodeSystem/SecurityLabelCS</code> defines the following code:</p><table class=\"codes\"><tr><td style=\"white-space:nowrap\"><b>Code</b></td><td><b>Display</b></td><td><b>Definition</b></td></tr><tr><td style=\"white-space:nowrap\">TURVAKIELTO<a name=\"SecurityLabelCS-TURVAKIELTO\"> </a></td><td>Turvakielto</td><td>A non-disclosure for personal safety reasons according to DVV.</td></tr></table></div>"
  },
  "url" : "https://hl7.fi/fhir/finnish-base-profiles/CodeSystem/SecurityLabelCS",
  "version" : "1.0.0-rc17",
  "name" : "SecurityLabelCS",
  "title" : "Finnish CodeSystem for security labels",
  "status" : "active",
  "experimental" : false,
  "date" : "2023-07-05T22:48:36+03:00",
  "publisher" : "HL7 Finland",
  "contact" : [{
    "name" : "HL7 Finland",
    "telecom" : [{
      "system" : "url",
      "value" : "https://www.hl7.fi/"
    },
    {
      "system" : "email",
      "value" : "mikael@sensotrend.com"
    }]
  }],
  "description" : "This is the CodeSystem for security labels in accordance with finnish authorities.",
  "jurisdiction" : [{
    "coding" : [{
      "system" : "urn:iso:std:iso:3166",
      "code" : "FI",
      "display" : "Finland"
    }]
  }],
  "content" : "complete",
  "count" : 1,
  "concept" : [{
    "code" : "TURVAKIELTO",
    "display" : "Turvakielto",
    "definition" : "A non-disclosure for personal safety reasons according to DVV."
  }]
}