{
  "resourceType" : "ValueSet",
  "id" : "fiphr-vs-observationcategory",
  "text" : {
    "status" : "generated",
    "div" : "<div xmlns=\"http://www.w3.org/1999/xhtml\"><ul><li>Include these codes as defined in <a href=\"CodeSystem-fiphr-cs-observationcategory.html\"><code>http://phr.kanta.fi/CodeSystem/fiphr-cs-observationcategory</code></a><table class=\"none\"><tr><td style=\"white-space:nowrap\"><b>Code</b></td><td><b>Display</b></td><td><b>Finnish (fi)</b></td><td><b>Swedish (sv)</b></td><td><b>English (English, en)</b></td></tr><tr><td><a href=\"CodeSystem-fiphr-cs-observationcategory.html#fiphr-cs-observationcategory-nutrition\">nutrition</a></td><td/><td>Ravitsemus</td><td>Näringstillstånd</td><td>Nutrition</td></tr><tr><td><a href=\"CodeSystem-fiphr-cs-observationcategory.html#fiphr-cs-observationcategory-urinary-monitoring\">urinary-monitoring</a></td><td/><td>Virtsan seuranta</td><td>Uppföljning av urinen</td><td>Urinary monitoring</td></tr></table></li></ul></div>"
  },
  "url" : "http://phr.kanta.fi/ValueSet/fiphr-vs-observationcategory",
  "version" : "0.3.0",
  "name" : "fiphr-vs-observationcategory",
  "title" : "Value Set Finnish PHR Observation Category",
  "status" : "active",
  "experimental" : false,
  "date" : "2019-10-14T11:00:00+02:00",
  "publisher" : "HL7 Finland",
  "contact" : [{
    "name" : "HL7 Finland",
    "telecom" : [{
      "system" : "url",
      "value" : "https://www.hl7.fi/"
    }]
  }],
  "description" : "Finnish PHR Observation Category Value Set that defines codes for Observation.category when there is no suitable code in the FHIR standard observation category value set.",
  "jurisdiction" : [{
    "coding" : [{
      "system" : "urn:iso:std:iso:3166",
      "code" : "FI",
      "display" : "Finland"
    }]
  }],
  "compose" : {
    "include" : [{
      "system" : "http://phr.kanta.fi/CodeSystem/fiphr-cs-observationcategory",
      "concept" : [{
        "code" : "nutrition",
        "designation" : [{
          "language" : "fi",
          "value" : "Ravitsemus"
        },
        {
          "language" : "sv",
          "value" : "Näringstillstånd"
        },
        {
          "language" : "en",
          "value" : "Nutrition"
        }]
      },
      {
        "code" : "urinary-monitoring",
        "designation" : [{
          "language" : "fi",
          "value" : "Virtsan seuranta"
        },
        {
          "language" : "sv",
          "value" : "Uppföljning av urinen"
        },
        {
          "language" : "en",
          "value" : "Urinary monitoring"
        }]
      }]
    }]
  }
}