<?xml version="1.0" encoding="UTF-8"?>

<Practitioner xmlns="http://hl7.org/fhir">
  <id value="practitioner-keijo"/>
  <meta>
    <profile value="https://hl7.fi/fhir/finnish-base-profiles/StructureDefinition/fi-base-practitioner"/>
  </meta>
  <text>
    <status value="generated"/><div xmlns="http://www.w3.org/1999/xhtml"><p class="res-header-id"><b>Generated Narrative: Practitioner practitioner-keijo</b></p><a name="practitioner-keijo"> </a><a name="hcpractitioner-keijo"> </a><a name="practitioner-keijo-fi-FI"> </a><p><b>name</b>: Keijo Kätilö</p></div>
  </text>
  <name>
    <text value="Keijo Kätilö"/>
    <family value="Kätilö"/>
    <given value="Keijo"/>
  </name>
</Practitioner>