<?xml version="1.0" encoding="UTF-8"?>

<Observation xmlns="http://hl7.org/fhir">
  <id value="1153859e-0c86-1000-abb8-511d0000b222"/>
  <meta>
    <profile value="http://phr.kanta.fi/StructureDefinition/fiphr-sd-bodyheight"/>
  </meta>
  <language value="en"/>
  <text>
    <status value="generated"/><div xmlns="http://www.w3.org/1999/xhtml">
		<b>Code:</b> Body height (8302-2)<br />
		<b>Time:</b> 20.11.2020 11:46<br />
		<b>Result:</b> 182 cm </div>
  </text>
  <identifier>
    <system value="urn:ietf:rfc:3986"/>
    <value value="urn:uuid:be18620b-ee17-4bd6-8304-102fdd12222c"/>
  </identifier>
  <status value="final"/>
  <category>
    <coding>
      <system value="http://hl7.org/fhir/observation-category"/>
      <code value="vital-signs"/>
    </coding>
  </category>
  <code>
    <coding>
      <system value="http://loinc.org"/>
      <code value="8302-2"/>
      <display value="Body height"/>
    </coding>
  </code>
  <subject>
    <reference value="Patient/36749a02-1710-44e7-aa76-0e934eb4321a"/>
  </subject>
  <effectiveDateTime value="2020-11-20T11:46:00+02:00"/>
  <performer>
    <reference value="Patient/36749a02-1710-44e7-aa76-0e934eb4321a"/>
  </performer>
  <valueQuantity>
    <value value="182"/>
    <unit value="cm"/>
    <system value="http://unitsofmeasure.org"/>
    <code value="cm"/>
  </valueQuantity>
</Observation>