<?xml version="1.0" encoding="UTF-8"?>

<Organization xmlns="http://hl7.org/fhir">
  <id value="1.2.246.10.8286189.10.100012"/>
  <meta>
    <profile value="https://hl7.fi/fhir/finnish-base-profiles/StructureDefinition/fi-base-organization"/>
  </meta>
  <text>
    <status value="generated"/><div xmlns="http://www.w3.org/1999/xhtml"><p class="res-header-id"><b>Generated Narrative: Organization 1.2.246.10.8286189.10.100012</b></p><a name="1.2.246.10.8286189.10.100012"> </a><a name="hc1.2.246.10.8286189.10.100012"> </a><a name="1.2.246.10.8286189.10.100012-fi-FI"> </a><div style="display: inline-block; background-color: #d9e0e7; padding: 6px; margin: 4px; border: 1px solid #8da1b4; border-radius: 5px; line-height: 60%"><p style="margin-bottom: 0px"/><p style="margin-bottom: 0px">Profile: <a href="StructureDefinition-fi-base-organization.html">FI Base Organization</a></p></div><p><b>identifier</b>: <code>urn:oid:1.2.246.537.6.202.2008</code>/urn:oid:1.2.246.10.8286189.10.100012 (use: official, )</p><p><b>active</b>: true</p><p><b>name</b>: Kirurgian vuodeosasto 4B, Länsi-Pohjan keskussairaala, LPSHP</p><p><b>alias</b>: Kirurgian vuodeosasto 4B, LPKS, LPSHP</p><p><b>address</b>: </p><ul><li>Kauppakatu 25, 94100 KEMI KEMI 94100 </li><li>Kauppakatu 25, 94100 KEMI KEMI 94100 </li></ul></div>
  </text>
  <identifier>
    <use value="official"/>
    <system value="urn:oid:1.2.246.537.6.202.2008"/>
    <value value="urn:oid:1.2.246.10.8286189.10.100012"/>
  </identifier>
  <active value="true"/>
  <name value="Kirurgian vuodeosasto 4B, Länsi-Pohjan keskussairaala, LPSHP"/>
  <alias value="Kirurgian vuodeosasto 4B, LPKS, LPSHP"/>
  <address>
    <type value="postal"/>
    <line value="Kauppakatu 25, 94100 KEMI"/>
    <city value="KEMI"/>
    <postalCode value="94100"/>
  </address>
  <address>
    <type value="physical"/>
    <line value="Kauppakatu 25, 94100 KEMI"/>
    <city value="KEMI"/>
    <postalCode value="94100"/>
  </address>
</Organization>