{
  "resourceType" : "Encounter",
  "id" : "id-for-child-encounter",
  "meta" : {
    "profile" : ["https://hl7.fi/fhir/finnish-base-profiles/StructureDefinition/fi-base-encounter"]
  },
  "text" : {
    "status" : "generated",
    "div" : "<div xmlns=\"http://www.w3.org/1999/xhtml\"><p><b>Generated Narrative: Encounter</b><a name=\"id-for-child-encounter\"> </a></p><div style=\"display: inline-block; background-color: #d9e0e7; padding: 6px; margin: 4px; border: 1px solid #8da1b4; border-radius: 5px; line-height: 60%\"><p style=\"margin-bottom: 0px\">Resource Encounter &quot;id-for-child-encounter&quot; </p><p style=\"margin-bottom: 0px\">Profile: <a href=\"StructureDefinition-fi-base-encounter.html\">FI Base Encounter</a></p></div><p><b>status</b>: in-progress</p><p><b>class</b>: inpatient encounter (Details: http://terminology.hl7.org/CodeSystem/v3-ActCode code IMP = 'inpatient encounter', stated as 'inpatient encounter')</p><p><b>subject</b>: <a href=\"Patient-patient-of-municipality.html\">Patient/patient-of-municipality</a> &quot; HENKILÖ&quot;</p><p><b>period</b>: 2022-02-27 01:03:00+0200 --&gt; (ongoing)</p><h3>Locations</h3><table class=\"grid\"><tr><td style=\"display: none\">-</td><td><b>Location</b></td><td><b>Status</b></td><td><b>Period</b></td></tr><tr><td style=\"display: none\">*</td><td><a href=\"Location-id-for-bed-3.html\">Location/id-for-bed-3</a> &quot;Vuode 3&quot;</td><td>active</td><td>2022-02-27 01:03:00+0200 --&gt; (ongoing)</td></tr></table><p><b>serviceProvider</b>: <span>id:\u00a01.2.246.10.8286189.10.100013</span></p><p><b>partOf</b>: <a href=\"Encounter-id-for-palvelutapahtuma.html\">Encounter/id-for-palvelutapahtuma</a></p></div>"
  },
  "status" : "in-progress",
  "class" : {
    "system" : "http://terminology.hl7.org/CodeSystem/v3-ActCode",
    "code" : "IMP",
    "display" : "inpatient encounter"
  },
  "subject" : {
    "reference" : "Patient/patient-of-municipality"
  },
  "period" : {
    "start" : "2022-02-27T01:03:00+02:00"
  },
  "location" : [{
    "location" : {
      "reference" : "Location/id-for-bed-3"
    },
    "status" : "active",
    "period" : {
      "start" : "2022-02-27T01:03:00+02:00"
    }
  }],
  "serviceProvider" : {
    "type" : "ServiceProvider",
    "identifier" : {
      "value" : "1.2.246.10.8286189.10.100013"
    }
  },
  "partOf" : {
    "reference" : "Encounter/id-for-palvelutapahtuma"
  }
}