<?xml version="1.0" encoding="UTF-8"?><ValueSet xmlns="http://hl7.org/fhir"><id value="fiphr-vs-sourceforadjustedmet"/><text><status value="generated"/><div xmlns="http://www.w3.org/1999/xhtml"><ul><li>Include these codes as defined in <a href="http://loinc.org"><code>http://loinc.org</code></a><table class="none"><tr><td style="white-space:nowrap"><b>Code</b></td><td><b>Display</b></td><td><b>Finnish (fi)</b></td><td><b>Swedish (sv)</b></td><td><b>English (English, en)</b></td></tr><tr><td><a href="https://loinc.org/LA26234-7/">LA26234-7</a></td><td>Wilms 2014 male</td><td>Wilms 2014 miehet</td><td>Wilms 2014 manlig</td><td>Wilms 2014 male</td></tr><tr><td><a href="https://loinc.org/LA26235-4/">LA26235-4</a></td><td>Wilms 2014 female</td><td>Wilms 2014 naiset</td><td>Wilms 2014 kvinnlig</td><td>Wilms 2014 female</td></tr><tr><td><a href="https://loinc.org/LA26236-2/">LA26236-2</a></td><td>Harris-Benedict male</td><td>Harris-Benedict miehet</td><td>Harris-Benedict manlig</td><td>Harris-Benedict male</td></tr><tr><td><a href="https://loinc.org/LA26237-0/">LA26237-0</a></td><td>Harris-Benedict female</td><td>Harris-Benedict naiset</td><td>Harris-Benedict kvinnlig</td><td>Harris-Benedict female</td></tr><tr><td><a href="https://loinc.org/LA46-8/">LA46-8</a></td><td>Other, specify</td><td>Muu, tarkenna</td><td>Annat, specificera</td><td>Other, specity</td></tr></table></li></ul></div></text><url value="http://phr.kanta.fi/ValueSet/fiphr-vs-sourceforadjustedmet"/><version value="0.2.1"/><name value="fiphr-vs-sourceforadjustedmet"/><title value="Value Set Finnish PHR Source for Adjusted MET"/><status value="active"/><experimental value="false"/><date value="2020-02-24"/><publisher value="HL7 Finland"/><contact><name value="HL7 Finland"/><telecom><system value="url"/><value value="https://www.hl7.fi/"/></telecom></contact><description value="Finnish PHR Source for Adjusted MET value set"/><jurisdiction><coding><system value="urn:iso:std:iso:3166"/><code value="FI"/><display value="Finland"/></coding></jurisdiction><compose><include><system value="http://loinc.org"/><concept><code value="LA26234-7"/><display value="Wilms 2014 male"/><designation><language value="fi"/><value value="Wilms 2014 miehet"/></designation><designation><language value="sv"/><value value="Wilms 2014 manlig"/></designation><designation><language value="en"/><value value="Wilms 2014 male"/></designation></concept><concept><code value="LA26235-4"/><display value="Wilms 2014 female"/><designation><language value="fi"/><value value="Wilms 2014 naiset"/></designation><designation><language value="sv"/><value value="Wilms 2014 kvinnlig"/></designation><designation><language value="en"/><value value="Wilms 2014 female"/></designation></concept><concept><code value="LA26236-2"/><display value="Harris-Benedict male"/><designation><language value="fi"/><value value="Harris-Benedict miehet"/></designation><designation><language value="sv"/><value value="Harris-Benedict manlig"/></designation><designation><language value="en"/><value value="Harris-Benedict male"/></designation></concept><concept><code value="LA26237-0"/><display value="Harris-Benedict female"/><designation><language value="fi"/><value value="Harris-Benedict naiset"/></designation><designation><language value="sv"/><value value="Harris-Benedict kvinnlig"/></designation><designation><language value="en"/><value value="Harris-Benedict female"/></designation></concept><concept><code value="LA46-8"/><display value="Other, specify"/><designation><language value="fi"/><value value="Muu, tarkenna"/></designation><designation><language value="sv"/><value value="Annat, specificera"/></designation><designation><language value="en"/><value value="Other, specity"/></designation></concept></include></compose></ValueSet>