{
  "resourceType" : "ValueSet",
  "id" : "fiphr-vs-macronutrients",
  "text" : {
    "status" : "generated",
    "div" : "<div xmlns=\"http://www.w3.org/1999/xhtml\"><ul><li>Include these codes as defined in <a href=\"http://loinc.org\"><code>http://loinc.org</code></a><table class=\"none\"><tr><td style=\"white-space:nowrap\"><b>Code</b></td><td><b>Display</b></td><td><b>Finnish (fi)</b></td><td><b>Swedish (sv)</b></td><td><b>English (English, en)</b></td></tr><tr><td><a href=\"https://loinc.org/9059-7/\">9059-7</a></td><td>Arvioitu hiilihydraattimäärä</td><td>Arvioitu hiilihydraattimäärä</td><td>Uppskattat kolhydratintag</td><td>Carbohydrate intake Estimated</td></tr><tr><td><a href=\"https://loinc.org/9060-5/\">9060-5</a></td><td>Mitattu hiilihydraattimäärä</td><td>Mitattu hiilihydraattimäärä</td><td>Uppmätt kolhydratintag</td><td>Carbohydrate intake Measured</td></tr><tr><td><a href=\"https://loinc.org/9066-2/\">9066-2</a></td><td>Arvioitu rasvan määrä</td><td>Arvioitu rasvan määrä</td><td>Uppskattat fettintag</td><td>Fat intake Estimated</td></tr><tr><td><a href=\"https://loinc.org/9067-0/\">9067-0</a></td><td>Mitattu rasvan määrä</td><td>Mitattu rasvan määrä</td><td>Uppmätt fettintag</td><td>Fat intake Measured</td></tr><tr><td><a href=\"https://loinc.org/9079-5/\">9079-5</a></td><td>Arvioitu proteiinin määrä</td><td>Arvioitu proteiinin määrä</td><td>Uppskattat proteinintag</td><td>Protein intake Estimated</td></tr><tr><td><a href=\"https://loinc.org/9080-3/\">9080-3</a></td><td>Mitattu proteiinin määrä</td><td>Mitattu proteiinin määrä</td><td>Uppmätt proteinintag</td><td>Protein intake Measured</td></tr></table></li></ul></div>"
  },
  "url" : "http://phr.kanta.fi/ValueSet/fiphr-vs-macronutrients",
  "version" : "0.2.0",
  "name" : "fiphr-vs-macronutrients",
  "title" : "Value Set Finnish PHR Macronutrients",
  "status" : "active",
  "date" : "2019-10-14T11:00:00+02:00",
  "publisher" : "HL7 Finland",
  "contact" : [{
    "name" : "HL7 Finland",
    "telecom" : [{
      "system" : "url",
      "value" : "https://www.hl7.fi/"
    }]
  }],
  "description" : "Finnish PHR Macronutrition Value Set that defines codes for Macronutrients.",
  "jurisdiction" : [{
    "coding" : [{
      "system" : "urn:iso:std:iso:3166",
      "code" : "FI",
      "display" : "Finland"
    }]
  }],
  "copyright" : "This content from LOINC® is copyright © 1995 Regenstrief Institute, Inc. and the LOINC Committee, and available at no cost under the license at http://loinc.org/terms-of-use.",
  "compose" : {
    "include" : [{
      "system" : "http://loinc.org",
      "concept" : [{
        "code" : "9059-7",
        "designation" : [{
          "language" : "fi",
          "value" : "Arvioitu hiilihydraattimäärä"
        },
        {
          "language" : "sv",
          "value" : "Uppskattat kolhydratintag"
        },
        {
          "language" : "en",
          "value" : "Carbohydrate intake Estimated"
        }]
      },
      {
        "code" : "9060-5",
        "designation" : [{
          "language" : "fi",
          "value" : "Mitattu hiilihydraattimäärä"
        },
        {
          "language" : "sv",
          "value" : "Uppmätt kolhydratintag"
        },
        {
          "language" : "en",
          "value" : "Carbohydrate intake Measured"
        }]
      },
      {
        "code" : "9066-2",
        "designation" : [{
          "language" : "fi",
          "value" : "Arvioitu rasvan määrä"
        },
        {
          "language" : "sv",
          "value" : "Uppskattat fettintag"
        },
        {
          "language" : "en",
          "value" : "Fat intake Estimated"
        }]
      },
      {
        "code" : "9067-0",
        "designation" : [{
          "language" : "fi",
          "value" : "Mitattu rasvan määrä"
        },
        {
          "language" : "sv",
          "value" : "Uppmätt fettintag"
        },
        {
          "language" : "en",
          "value" : "Fat intake Measured"
        }]
      },
      {
        "code" : "9079-5",
        "designation" : [{
          "language" : "fi",
          "value" : "Arvioitu proteiinin määrä"
        },
        {
          "language" : "sv",
          "value" : "Uppskattat proteinintag"
        },
        {
          "language" : "en",
          "value" : "Protein intake Estimated"
        }]
      },
      {
        "code" : "9080-3",
        "designation" : [{
          "language" : "fi",
          "value" : "Mitattu proteiinin määrä"
        },
        {
          "language" : "sv",
          "value" : "Uppmätt proteinintag"
        },
        {
          "language" : "en",
          "value" : "Protein intake Measured"
        }]
      }]
    }]
  }
}