[
  {
    "id" : "apottiekosysteemi-capabilitystatement",
    "type" : "CapabilityStatement",
    "url" : "https://hl7.fi/fhir/finnish-smart/CapabilityStatement/apottiekosysteemi-capabilitystatement",
    "version" : "1.0.0-rc7"
  },
  {
    "id" : "fi-smart-server",
    "type" : "CapabilityStatement",
    "url" : "https://hl7.fi/fhir/finnish-smart/CapabilityStatement/fi-smart-server",
    "version" : "1.0.0-rc7"
  },
  {
    "id" : "hl7.fhir.fi.smart",
    "type" : "ImplementationGuide",
    "url" : "https://hl7.fi/fhir/finnish-smart/ImplementationGuide/hl7.fhir.fi.smart",
    "version" : "1.0.0-rc7",
    "name" : "FinnishSmart"
  },
  {
    "id" : "fi-smart-server-profile",
    "type" : "StructureDefinition",
    "url" : "https://hl7.fi/fhir/finnish-smart/StructureDefinition/fi-smart-server-profile",
    "version" : "1.0.0-rc7",
    "name" : "FiSmartServer"
  }
]
