{
  "resourceType" : "Patient",
  "id" : "cafbe8e7-38fe-4807-b995-6770e5390365",
  "meta" : {
    "versionId" : "1",
    "lastUpdated" : "2023-01-05T00:04:05.318+02:00"
  },
  "text" : {
    "status" : "generated",
    "div" : "<div xmlns=\"http://www.w3.org/1999/xhtml\"><p style=\"border: 1px #661aff solid; background-color: #e6e6ff; padding: 10px;\"><b>Test Patient </b> (no stated gender), DoB Unknown</p><hr/></div>"
  },
  "name" : [{
    "family" : "Patient",
    "given" : ["Test"]
  }]
}