{
  "resourceType" : "Bundle",
  "id" : "2bfd11f2-3af2-48fb-8998-828d13440d6c",
  "meta" : {
    "lastUpdated" : "2025-02-06T19:03:35.216+02:00"
  },
  "type" : "collection",
  "entry" : [{
    "fullUrl" : "https://hl7.fi/fhir/finnish-base-profiles/ValueSet/fi-base-register-identifier",
    "resource" : {
      "resourceType" : "ValueSet",
      "text" : {
        "status" : "generated",
        "div" : "<div xmlns=\"http://www.w3.org/1999/xhtml\"><p class=\"res-header-id\"><b>Generated Narrative: ValueSet </b></p><p style=\"border: black 1px dotted; background-color: #EEEEEE; padding: 8px; margin-bottom: 8px\">Expansion from tx.fhir.org based on codesystem unknown versionn/a</p><p>This value set contains 2 concepts</p><table class=\"codes\"><tr><td style=\"white-space:nowrap\"><b>Code</b></td><td><b>System</b></td><td><b>Display</b></td></tr><tr><td style=\"white-space:nowrap\"><a name=\"x-urn:ietf:rfc:3986-urn:oid:1.2.246.537.5.40150\"> </a>\u00a0\u00a0urn:oid:1.2.246.537.5.40150</td><td>urn:ietf:rfc:3986</td><td>KanTa-palvelut - Potilasasiakirjan rekisteritunnus</td></tr><tr><td style=\"white-space:nowrap\"><a name=\"x-urn:ietf:rfc:3986-urn:oid:1.2.246.537.6.1264\"> </a>\u00a0\u00a0urn:oid:1.2.246.537.6.1264</td><td>urn:ietf:rfc:3986</td><td>Sosiaalihuolto - Asiakirjan rekisteritunnus</td></tr></table></div>"
      },
      "url" : "https://hl7.fi/fhir/finnish-base-profiles/ValueSet/fi-base-register-identifier",
      "version" : "2.0.0-rc1",
      "name" : "FiBaseRegisterIdentifier",
      "title" : "Finnish ValueSet for systems of registry specifiers",
      "status" : "draft",
      "experimental" : false,
      "date" : "2025-02-06T19:03:35+02:00",
      "jurisdiction" : [{
        "coding" : [{
          "system" : "urn:iso:std:iso:3166",
          "code" : "FI",
          "display" : "Finland"
        }]
      }],
      "expansion" : {
        "identifier" : "urn:uuid:95014c79-49e8-4c47-8a3e-084ca8c390d2",
        "timestamp" : "2025-02-06T19:05:32+02:00",
        "total" : 2,
        "offset" : 0,
        "parameter" : [{
          "name" : "count",
          "valueInteger" : 1000
        },
        {
          "name" : "offset",
          "valueInteger" : 0
        },
        {
          "name" : "excludeNested",
          "valueBoolean" : false
        },
        {
          "name" : "used-valueset",
          "valueUri" : "null"
        },
        {
          "name" : "used-codesystem",
          "valueUri" : "urn:ietf:rfc:3986|n/a"
        },
        {
          "name" : "version",
          "valueUri" : "urn:ietf:rfc:3986|n/a"
        }],
        "contains" : [{
          "system" : "urn:ietf:rfc:3986",
          "code" : "urn:oid:1.2.246.537.5.40150",
          "display" : "KanTa-palvelut - Potilasasiakirjan rekisteritunnus"
        },
        {
          "system" : "urn:ietf:rfc:3986",
          "code" : "urn:oid:1.2.246.537.6.1264",
          "display" : "Sosiaalihuolto - Asiakirjan rekisteritunnus"
        }]
      }
    }
  },
  {
    "fullUrl" : "https://hl7.fi/fhir/finnish-base-profiles/ValueSet/fi-base-security-label-vs",
    "resource" : {
      "resourceType" : "ValueSet",
      "text" : {
        "status" : "generated",
        "div" : "<div xmlns=\"http://www.w3.org/1999/xhtml\"><p class=\"res-header-id\"><b>Generated Narrative: ValueSet </b></p><p style=\"border: black 1px dotted; background-color: #EEEEEE; padding: 8px; margin-bottom: 8px\">Expansion done internally based on <a href=\"CodeSystem-fi-base-security-label-cs.html\">codesystem Finnish CodeSystem for security labels v2.0.0-rc1 (CodeSystem)</a></p><p>This value set contains 1 concepts</p><table class=\"codes\"><tr><td style=\"white-space:nowrap\"><b>Code</b></td><td><b>System</b></td><td><b>Display</b></td><td><b>Definition</b></td></tr><tr><td style=\"white-space:nowrap\"><a name=\"x-https://hl7.fi/fhir/finnish-base-profiles/CodeSystem/fi-base-security-label-cs-TURVAKIELTO\"> </a>\u00a0\u00a0<a href=\"CodeSystem-fi-base-security-label-cs.html#fi-base-security-label-cs-TURVAKIELTO\">TURVAKIELTO</a></td><td>https://hl7.fi/fhir/finnish-base-profiles/CodeSystem/fi-base-security-label-cs</td><td>Turvakielto</td><td><div><p>A non-disclosure for personal safety reasons according to DVV.</p>\n</div></td></tr></table></div>"
      },
      "url" : "https://hl7.fi/fhir/finnish-base-profiles/ValueSet/fi-base-security-label-vs",
      "version" : "2.0.0-rc1",
      "name" : "FiBaseSecurityLabelVS",
      "title" : "Finnish ValueSet for security labels in accordance with finnish authorities",
      "status" : "draft",
      "experimental" : false,
      "date" : "2025-02-06T19:03:35+02:00",
      "jurisdiction" : [{
        "coding" : [{
          "system" : "urn:iso:std:iso:3166",
          "code" : "FI",
          "display" : "Finland"
        }]
      }],
      "expansion" : {
        "identifier" : "urn:uuid:945d43f6-9345-4632-9b75-98c8e1e83aab",
        "timestamp" : "2025-02-06T19:05:32+02:00",
        "total" : 1,
        "offset" : 0,
        "parameter" : [{
          "name" : "count",
          "valueInteger" : 1000
        },
        {
          "name" : "offset",
          "valueInteger" : 0
        },
        {
          "name" : "excludeNested",
          "valueBoolean" : false
        },
        {
          "name" : "used-codesystem",
          "valueUri" : "https://hl7.fi/fhir/finnish-base-profiles/CodeSystem/fi-base-security-label-cs|2.0.0-rc1"
        }],
        "contains" : [{
          "system" : "https://hl7.fi/fhir/finnish-base-profiles/CodeSystem/fi-base-security-label-cs",
          "code" : "TURVAKIELTO",
          "display" : "Turvakielto"
        }]
      }
    }
  },
  {
    "fullUrl" : "http://gen.kanta.fi/kanta-provenance-agent-role",
    "resource" : {
      "resourceType" : "ValueSet",
      "text" : {
        "status" : "generated",
        "div" : "<div xmlns=\"http://www.w3.org/1999/xhtml\"><p class=\"res-header-id\"><b>Generated Narrative: ValueSet </b></p><p style=\"border: black 1px dotted; background-color: #EEEEEE; padding: 8px; margin-bottom: 8px\">Expansion from tx.fhir.org based on codesystem unknown versionn/a</p><p>This value set contains 2 concepts</p><table class=\"codes\"><tr><td style=\"white-space:nowrap\"><b>Code</b></td><td><b>System</b></td><td><b>Display</b></td></tr><tr><td style=\"white-space:nowrap\"><a name=\"x-urn:ietf:rfc:3986-http://gen.kanta.fi/fikanta-cs-rolecategory\"> </a>\u00a0\u00a0http://gen.kanta.fi/fikanta-cs-rolecategory</td><td>urn:ietf:rfc:3986</td><td>Kanta specified roles</td></tr><tr><td style=\"white-space:nowrap\"><a name=\"x-urn:ietf:rfc:3986-urn:oid:1.2.246.537.5.40172\"> </a>\u00a0\u00a0urn:oid:1.2.246.537.5.40172</td><td>urn:ietf:rfc:3986</td><td>eArkisto - Rekisteripitäjän laji</td></tr></table></div>"
      },
      "url" : "http://gen.kanta.fi/kanta-provenance-agent-role",
      "version" : "2.0.0-rc1",
      "title" : "Example value set for provenance roles",
      "status" : "draft",
      "experimental" : false,
      "date" : "2025-02-06T19:03:35+02:00",
      "jurisdiction" : [{
        "coding" : [{
          "system" : "urn:iso:std:iso:3166",
          "code" : "FI",
          "display" : "Finland"
        }]
      }],
      "expansion" : {
        "identifier" : "urn:uuid:ad3f788b-47e7-4e60-9854-e81fca0b1632",
        "timestamp" : "2025-02-06T19:05:32+02:00",
        "total" : 2,
        "offset" : 0,
        "parameter" : [{
          "name" : "count",
          "valueInteger" : 1000
        },
        {
          "name" : "offset",
          "valueInteger" : 0
        },
        {
          "name" : "excludeNested",
          "valueBoolean" : false
        },
        {
          "name" : "used-valueset",
          "valueUri" : "null"
        },
        {
          "name" : "used-codesystem",
          "valueUri" : "urn:ietf:rfc:3986|n/a"
        },
        {
          "name" : "version",
          "valueUri" : "urn:ietf:rfc:3986|n/a"
        },
        {
          "name" : "excludeNested",
          "valueBoolean" : true
        }],
        "contains" : [{
          "system" : "urn:ietf:rfc:3986",
          "code" : "http://gen.kanta.fi/fikanta-cs-rolecategory",
          "display" : "Kanta specified roles"
        },
        {
          "system" : "urn:ietf:rfc:3986",
          "code" : "urn:oid:1.2.246.537.5.40172",
          "display" : "eArkisto - Rekisteripitäjän laji"
        }]
      }
    }
  }]
}