{
  "resourceType" : "Bundle",
  "id" : "3b16b1b6-8fc9-4d8f-8d4e-165855c7b9c0",
  "meta" : {
    "lastUpdated" : "2023-11-06T22:38:02.413+01:00"
  },
  "type" : "collection",
  "entry" : [{
    "fullUrl" : "https://hl7.fi/fhir/finnish-base-profiles/ValueSet/fi-base-register-identifier",
    "resource" : {
      "resourceType" : "ValueSet",
      "text" : {
        "status" : "generated",
        "div" : "<div xmlns=\"http://www.w3.org/1999/xhtml\"><p>This value set contains 2 concepts</p><div style=\"border: black 1px dotted; background-color: #EEEEEE; padding: 8px; margin-bottom: 8px\"><p>Expansion based on: </p><ul><li>codesystem urn:ietf:rfc:3986 version n/a</li><li>system urn:ietf:rfc:3986 version n/a</li></ul></div><table class=\"codes\"><tr><td style=\"white-space:nowrap\"><b>Code</b></td><td><b>System</b></td><td><b>Display</b></td></tr><tr><td style=\"white-space:nowrap\"><a name=\"urn-ietf-rfc-3986-urn-oid-1.2.246.537.5.40150\"> </a>\u00a0\u00a0urn:oid:1.2.246.537.5.40150</td><td>urn:ietf:rfc:3986</td><td>KanTa-palvelut - Potilasasiakirjan rekisteritunnus</td></tr><tr><td style=\"white-space:nowrap\"><a name=\"urn-ietf-rfc-3986-urn-oid-1.2.246.537.6.1264\"> </a>\u00a0\u00a0urn:oid:1.2.246.537.6.1264</td><td>urn:ietf:rfc:3986</td><td>Sosiaalihuolto - Asiakirjan rekisteritunnus</td></tr></table></div>"
      },
      "url" : "https://hl7.fi/fhir/finnish-base-profiles/ValueSet/fi-base-register-identifier",
      "version" : "1.0.0-rc23",
      "name" : "FiBaseRegisterIdentifier",
      "title" : "Finnish ValueSet for systems of registry specifiers",
      "status" : "draft",
      "experimental" : false,
      "date" : "2023-11-06T22:38:02+01:00",
      "jurisdiction" : [{
        "coding" : [{
          "system" : "urn:iso:std:iso:3166",
          "code" : "FI",
          "display" : "Finland"
        }]
      }],
      "expansion" : {
        "identifier" : "urn:uuid:20c47337-f706-494a-8b49-a2ef97bcbcb4",
        "timestamp" : "2023-11-06T22:40:04+01:00",
        "total" : 2,
        "parameter" : [{
          "name" : "excludeNested",
          "valueBoolean" : false
        },
        {
          "name" : "used-valueset",
          "valueUri" : "null"
        },
        {
          "name" : "limitedExpansion",
          "valueBoolean" : true
        },
        {
          "name" : "used-codesystem",
          "valueUri" : "urn:ietf:rfc:3986|n/a"
        },
        {
          "name" : "version",
          "valueUri" : "urn:ietf:rfc:3986|n/a"
        }],
        "contains" : [{
          "system" : "urn:ietf:rfc:3986",
          "code" : "urn:oid:1.2.246.537.5.40150",
          "display" : "KanTa-palvelut - Potilasasiakirjan rekisteritunnus"
        },
        {
          "system" : "urn:ietf:rfc:3986",
          "code" : "urn:oid:1.2.246.537.6.1264",
          "display" : "Sosiaalihuolto - Asiakirjan rekisteritunnus"
        }]
      }
    }
  },
  {
    "fullUrl" : "https://hl7.fi/fhir/finnish-base-profiles/ValueSet/fi-base-security-label-vs",
    "resource" : {
      "resourceType" : "ValueSet",
      "text" : {
        "status" : "generated",
        "div" : "<div xmlns=\"http://www.w3.org/1999/xhtml\"><p>This value set contains 1 concepts</p><p style=\"border: black 1px dotted; background-color: #EEEEEE; padding: 8px; margin-bottom: 8px\">Expansion based on <a href=\"CodeSystem-fi-base-security-label-cs.html\">codesystem Finnish CodeSystem for security labels v1.0.0-rc23 (CodeSystem)</a></p><table class=\"codes\"><tr><td style=\"white-space:nowrap\"><b>Code</b></td><td><b>System</b></td><td><b>Display</b></td><td><b>Definition</b></td></tr><tr><td style=\"white-space:nowrap\"><a name=\"https---hl7.fi-fhir-finnish-base-profiles-CodeSystem-fi-base-security-label-cs-TURVAKIELTO\"> </a>\u00a0\u00a0<a href=\"CodeSystem-fi-base-security-label-cs.html#fi-base-security-label-cs-TURVAKIELTO\">TURVAKIELTO</a></td><td>https://hl7.fi/fhir/finnish-base-profiles/CodeSystem/fi-base-security-label-cs</td><td>Turvakielto</td><td><div><p>A non-disclosure for personal safety reasons according to DVV.</p>\n</div></td></tr></table></div>"
      },
      "url" : "https://hl7.fi/fhir/finnish-base-profiles/ValueSet/fi-base-security-label-vs",
      "version" : "1.0.0-rc23",
      "name" : "FiBaseSecurityLabelVS",
      "title" : "Finnish ValueSet for security labels in accordance with finnish authorities",
      "status" : "draft",
      "date" : "2023-11-06T22:38:02+01:00",
      "jurisdiction" : [{
        "coding" : [{
          "system" : "urn:iso:std:iso:3166",
          "code" : "FI",
          "display" : "Finland"
        }]
      }],
      "expansion" : {
        "identifier" : "urn:uuid:262285b0-0365-42b7-b0db-abec345a712f",
        "timestamp" : "2023-11-06T22:40:04+01:00",
        "total" : 1,
        "parameter" : [{
          "name" : "excludeNested",
          "valueBoolean" : false
        },
        {
          "name" : "used-codesystem",
          "valueUri" : "https://hl7.fi/fhir/finnish-base-profiles/CodeSystem/fi-base-security-label-cs|1.0.0-rc23"
        }],
        "contains" : [{
          "system" : "https://hl7.fi/fhir/finnish-base-profiles/CodeSystem/fi-base-security-label-cs",
          "code" : "TURVAKIELTO",
          "display" : "Turvakielto"
        }]
      }
    }
  },
  {
    "fullUrl" : "http://gen.kanta.fi/kanta-provenance-agent-role",
    "resource" : {
      "resourceType" : "ValueSet",
      "text" : {
        "status" : "generated",
        "div" : "<div xmlns=\"http://www.w3.org/1999/xhtml\"><p>This value set contains 2 concepts</p><div style=\"border: black 1px dotted; background-color: #EEEEEE; padding: 8px; margin-bottom: 8px\"><p>Expansion based on: </p><ul><li>codesystem urn:ietf:rfc:3986 version n/a</li><li>system urn:ietf:rfc:3986 version n/a</li></ul></div><table class=\"codes\"><tr><td style=\"white-space:nowrap\"><b>Code</b></td><td><b>System</b></td><td><b>Display</b></td></tr><tr><td style=\"white-space:nowrap\"><a name=\"urn-ietf-rfc-3986-http---gen.kanta.fi-fikanta-cs-rolecategory\"> </a>\u00a0\u00a0http://gen.kanta.fi/fikanta-cs-rolecategory</td><td>urn:ietf:rfc:3986</td><td>Kanta specified roles</td></tr><tr><td style=\"white-space:nowrap\"><a name=\"urn-ietf-rfc-3986-urn-oid-1.2.246.537.5.40172\"> </a>\u00a0\u00a0urn:oid:1.2.246.537.5.40172</td><td>urn:ietf:rfc:3986</td><td>eArkisto - Rekisteripitäjän laji</td></tr></table></div>"
      },
      "url" : "http://gen.kanta.fi/kanta-provenance-agent-role",
      "version" : "1.0.0-rc23",
      "title" : "Example value set for provenance roles",
      "status" : "draft",
      "experimental" : false,
      "date" : "2023-11-06T22:38:02+01:00",
      "jurisdiction" : [{
        "coding" : [{
          "system" : "urn:iso:std:iso:3166",
          "code" : "FI",
          "display" : "Finland"
        }]
      }],
      "expansion" : {
        "identifier" : "urn:uuid:e42662cd-dad1-4664-bc20-2cd0bb543902",
        "timestamp" : "2023-11-06T22:40:04+01:00",
        "total" : 2,
        "parameter" : [{
          "name" : "excludeNested",
          "valueBoolean" : false
        },
        {
          "name" : "used-valueset",
          "valueUri" : "null"
        },
        {
          "name" : "limitedExpansion",
          "valueBoolean" : true
        },
        {
          "name" : "used-codesystem",
          "valueUri" : "urn:ietf:rfc:3986|n/a"
        },
        {
          "name" : "version",
          "valueUri" : "urn:ietf:rfc:3986|n/a"
        },
        {
          "name" : "excludeNested",
          "valueBoolean" : true
        }],
        "contains" : [{
          "system" : "urn:ietf:rfc:3986",
          "code" : "http://gen.kanta.fi/fikanta-cs-rolecategory",
          "display" : "Kanta specified roles"
        },
        {
          "system" : "urn:ietf:rfc:3986",
          "code" : "urn:oid:1.2.246.537.5.40172",
          "display" : "eArkisto - Rekisteripitäjän laji"
        }]
      }
    }
  }]
}