<?xml version="1.0" encoding="UTF-8"?>

<ConceptMap xmlns="http://hl7.org/fhir">
  <id value="ajanvarauksentila-appointmentstatus"/>
  <text>
    <status value="generated"/><div xmlns="http://www.w3.org/1999/xhtml"><p class="res-header-id"><b>Generated Narrative: ConceptMap ajanvarauksentila-appointmentstatus</b></p><a name="ajanvarauksentila-appointmentstatus"> </a><a name="hcajanvarauksentila-appointmentstatus"> </a><a name="ajanvarauksentila-appointmentstatus-fi-FI"> </a><p>Mapping from https://koodistopalvelu.kanta.fi/codeserver/pages/classification-view-page.xhtml?classificationKey=1943 to <a href="http://hl7.org/fhir/R4/valueset-appointmentstatus.html">AppointmentStatus</a></p><br/><p><b>Group 1 </b>Mapping from <code>https://koodistopalvelu.kanta.fi/codeserver/pages/classification-view-page.xhtml?classificationKey=1943</code> to <a href="http://hl7.org/fhir/R4/codesystem-appointmentstatus.html">AppointmentStatus</a></p><table class="grid"><tr><td colspan="2"><b>Source Concept Details</b></td><td><b>Relationship</b></td><td colspan="2"><b>Target Concept Details</b></td><td><b>Comment</b></td><td colspan="2"><b>Properties</b></td></tr><tr><td colspan="2"><b>Codes</b> from https://koodistopalvelu.kanta.fi/codeserver/pages/classification-view-page.xhtml?classificationKey=1943</td><td/><td colspan="2"><b>Codes</b> from <a href="http://hl7.org/fhir/R4/codesystem-appointmentstatus.html" title="http://hl7.org/fhir/appointmentstatus">AppointmentStatus</a></td><td/></tr><tr><td style="border-right-width: 0px">1</td><td style="border-left-width: 0px">Suunniteltu</td><td><a href="http://hl7.org/fhir/extensions/5.1.0/CodeSystem-concept-map-equivalence.html#equivalent" title="equivalent">is equivalent to</a></td><td style="border-right-width: 0px">waitlist</td><td style="border-left-width: 0px">Waitlisted</td><td>In FHIR there is no distinction between Suunniteltu and Tilattu. The distinction is that in Tilattu the service provider has been identified.</td></tr><tr><td style="border-right-width: 0px">2</td><td style="border-left-width: 0px">Tilattu</td><td><a href="http://hl7.org/fhir/extensions/5.1.0/CodeSystem-concept-map-equivalence.html#wider" title="wider">maps to wider concept</a></td><td style="border-right-width: 0px">waitlist</td><td style="border-left-width: 0px">Waitlisted</td><td>In FHIR there is no distinction between Suunniteltu and Tilattu. The distinction is that in Tilattu the service provider has been identified.</td></tr><tr><td style="border-right-width: 0px">3</td><td style="border-left-width: 0px">Varattu</td><td><a href="http://hl7.org/fhir/extensions/5.1.0/CodeSystem-concept-map-equivalence.html#equal" title="equal">is equal to</a></td><td style="border-right-width: 0px">booked</td><td style="border-left-width: 0px">Booked</td><td/></tr><tr><td style="border-right-width: 0px">4</td><td style="border-left-width: 0px">Peruttu</td><td><a href="http://hl7.org/fhir/extensions/5.1.0/CodeSystem-concept-map-equivalence.html#equal" title="equal">is equal to</a></td><td style="border-right-width: 0px">cancelled</td><td style="border-left-width: 0px">Cancelled</td><td/></tr><tr><td style="border-right-width: 0px; border-bottom-style: none">5</td><td style="border-left-width: 0px">Siirretty</td><td colspan="4" style="background-color: #efefef">(not mapped)</td></tr><tr><td style="border-right-width: 0px">6</td><td style="border-left-width: 0px">Alkanut</td><td><a href="http://hl7.org/fhir/extensions/5.1.0/CodeSystem-concept-map-equivalence.html#inexact" title="inexact">maps loosely to</a></td><td style="border-right-width: 0px">arrived</td><td style="border-left-width: 0px">Arrived</td><td>There is no status for an appointment being in process in FHIR. In FHIR this information is tracked with the status of the Encounter resource.</td></tr><tr><td style="border-right-width: 0px">7</td><td style="border-left-width: 0px">Toteutunut</td><td><a href="http://hl7.org/fhir/extensions/5.1.0/CodeSystem-concept-map-equivalence.html#inexact" title="inexact">maps loosely to</a></td><td style="border-right-width: 0px">fulfilled</td><td style="border-left-width: 0px">Fulfilled</td><td>There is no status for an appointment being in process in FHIR. In FHIR this information is tracked with the status of the Encounter resource.</td></tr><tr><td style="border-right-width: 0px; border-bottom-style: none">8</td><td style="border-left-width: 0px; border-bottom-style: none">Ehdotettu</td><td><a href="http://hl7.org/fhir/extensions/5.1.0/CodeSystem-concept-map-equivalence.html#narrower" title="narrower">narrower</a></td><td style="border-right-width: 0px">proposed</td><td style="border-left-width: 0px">Proposed</td><td>The code proposed can be used to highlight that none of the participants have finalized their acceptance, or that there is still uncertainty about the time.</td></tr><tr><td style="border-right-width: 0px; border-top-style: none"/><td style="border-top-style: none; border-left-width: 0px"/><td><a href="http://hl7.org/fhir/extensions/5.1.0/CodeSystem-concept-map-equivalence.html#equivalent" title="equivalent">is equivalent to</a></td><td style="border-right-width: 0px">pending</td><td style="border-left-width: 0px">Pending</td><td>The code pending is a  more generic match to Ehdotettu.</td></tr><tr><td style="border-right-width: 0px">9</td><td style="border-left-width: 0px">Saapumatta</td><td><a href="http://hl7.org/fhir/extensions/5.1.0/CodeSystem-concept-map-equivalence.html#equal" title="equal">is equal to</a></td><td style="border-right-width: 0px">noshow</td><td style="border-left-width: 0px">No Show</td><td/></tr><tr><td style="border-right-width: 0px">10</td><td style="border-left-width: 0px">Ilmoittautunut</td><td><a href="http://hl7.org/fhir/extensions/5.1.0/CodeSystem-concept-map-equivalence.html#equal" title="equal">is equal to</a></td><td style="border-right-width: 0px">checked-in</td><td style="border-left-width: 0px">Checked In</td><td/></tr></table></div>
  </text>
  <url value="https://hl7.fi/fhir/finnish-scheduling/ConceptMap/ajanvarauksentila-appointmentstatus"/>
  <version value="0.3.1"/>
  <name value="FiAppointmentStatusCodeMap"/>
  <title value="Ajanvarauksen tila to Appointment status"/>
  <status value="draft"/>
  <experimental value="false"/>
  <date value="2024-10-22T01:23:11+03:00"/>
  <publisher value="HL7 Finland"/>
  <contact>
    <name value="HL7 Finland"/>
    <telecom>
      <system value="url"/>
      <value value="https://www.hl7.fi/"/>
    </telecom>
    <telecom>
      <system value="email"/>
      <value value="mikael@sensotrend.com"/>
    </telecom>
  </contact>
  <description value="Mapping between the Finnish logical model [*Ajanvaraus - Ajanvarauksen tila*](https://koodistopalvelu.kanta.fi/codeserver/pages/classification-view-page.xhtml?classificationKey=1943) (oid `1.2.246.537.6.881`) and FHIR Appointment status codes."/>
  <jurisdiction>
    <coding>
      <system value="urn:iso:std:iso:3166"/>
      <code value="FI"/>
      <display value="Finland"/>
    </coding>
  </jurisdiction>
  <sourceUri value="https://koodistopalvelu.kanta.fi/codeserver/pages/classification-view-page.xhtml?classificationKey=1943"/>
  <targetCanonical value="http://hl7.org/fhir/ValueSet/appointmentstatus"/>
  <group>
    <source value="https://koodistopalvelu.kanta.fi/codeserver/pages/classification-view-page.xhtml?classificationKey=1943"/>
    <target value="http://hl7.org/fhir/appointmentstatus"/>
    <element>
      <code value="1"/>
      <display value="Suunniteltu"/>
      <target>
        <code value="waitlist"/>
        <display value="Waitlisted"/>
        <equivalence value="equivalent"/>
        <comment value="In FHIR there is no distinction between Suunniteltu and Tilattu. The distinction is that in Tilattu the service provider has been identified."/>
      </target>
    </element>
    <element>
      <code value="2"/>
      <display value="Tilattu"/>
      <target>
        <code value="waitlist"/>
        <display value="Waitlisted"/>
        <equivalence value="wider"/>
        <comment value="In FHIR there is no distinction between Suunniteltu and Tilattu. The distinction is that in Tilattu the service provider has been identified."/>
      </target>
    </element>
    <element>
      <code value="3"/>
      <display value="Varattu"/>
      <target>
        <code value="booked"/>
        <display value="Booked"/>
        <equivalence value="equal"/>
      </target>
    </element>
    <element>
      <code value="4"/>
      <display value="Peruttu"/>
      <target>
        <code value="cancelled"/>
        <display value="Cancelled"/>
        <equivalence value="equal"/>
      </target>
    </element>
    <element>
      <code value="5"/>
      <display value="Siirretty"/>
      <target>
        <equivalence value="unmatched"/>
        <comment value="There is no status for rescheduled appointments in FHIR. This code SHOULD be mapped to cancelled, if required. Note that this code is deprecated."/>
      </target>
    </element>
    <element>
      <code value="6"/>
      <display value="Alkanut"/>
      <target>
        <code value="arrived"/>
        <display value="Arrived"/>
        <equivalence value="inexact"/>
        <comment value="There is no status for an appointment being in process in FHIR. In FHIR this information is tracked with the status of the Encounter resource."/>
      </target>
    </element>
    <element>
      <code value="7"/>
      <display value="Toteutunut"/>
      <target>
        <code value="fulfilled"/>
        <display value="Fulfilled"/>
        <equivalence value="inexact"/>
        <comment value="There is no status for an appointment being in process in FHIR. In FHIR this information is tracked with the status of the Encounter resource."/>
      </target>
    </element>
    <element>
      <code value="8"/>
      <display value="Ehdotettu"/>
      <target>
        <code value="proposed"/>
        <display value="Proposed"/>
        <equivalence value="narrower"/>
        <comment value="The code proposed can be used to highlight that none of the participants have finalized their acceptance, or that there is still uncertainty about the time."/>
      </target>
      <target>
        <code value="pending"/>
        <display value="Pending"/>
        <equivalence value="equivalent"/>
        <comment value="The code pending is a  more generic match to Ehdotettu."/>
      </target>
    </element>
    <element>
      <code value="9"/>
      <display value="Saapumatta"/>
      <target>
        <code value="noshow"/>
        <display value="No Show"/>
        <equivalence value="equal"/>
      </target>
    </element>
    <element>
      <code value="10"/>
      <display value="Ilmoittautunut"/>
      <target>
        <code value="checked-in"/>
        <display value="Checked In"/>
        <equivalence value="equal"/>
      </target>
    </element>
  </group>
</ConceptMap>