{
  "date" : "Tue, 22 Oct, 2024 01:23:11 +0300",
  "doco" : "For each file: start is seconds after start activity occurred. Length = milliseconds activity took",
  "files" : [
    {
      "name" : "/fsh-generated/resources/ImplementationGuide-hl7.fhir.fi.scheduling.json",
      "size" : 10305,
      "processes" : [
        {
          "activity" : "load",
          "start" : 16,
          "length" : 5
        },
        {
          "activity" : "checkR4R4B",
          "start" : 16,
          "length" : 2
        },
        {
          "activity" : "generateNarratives",
          "start" : 16,
          "length" : 36
        },
        {
          "activity" : "validate",
          "start" : 20,
          "length" : 449
        },
        {
          "activity" : "scanForUsageStats",
          "start" : 25,
          "length" : 1
        },
        {
          "activity" : "generate1",
          "start" : 27,
          "length" : 94
        },
        {
          "activity" : "generate2",
          "start" : 30,
          "length" : 46
        },
        {
          "activity" : "generateValidationPack",
          "start" : 44,
          "length" : 1
        }
      ]
    },
    {
      "name" : "fsh-generated/resources/ConceptMap-ajanvarauksentila-appointmentstatus.json",
      "size" : 4709,
      "processes" : [
        {
          "activity" : "loadResources",
          "start" : 16,
          "length" : 4
        },
        {
          "activity" : "load-configure",
          "start" : 16,
          "length" : 1
        },
        {
          "activity" : "load",
          "start" : 16,
          "length" : 9
        },
        {
          "activity" : "load",
          "start" : 16,
          "length" : 2
        },
        {
          "activity" : "generateNarratives",
          "start" : 16,
          "length" : 291
        },
        {
          "activity" : "validate",
          "start" : 18,
          "length" : 605
        },
        {
          "activity" : "generate1",
          "start" : 27,
          "length" : 23
        },
        {
          "activity" : "generate2",
          "start" : 30,
          "length" : 192
        },
        {
          "activity" : "generateValidationPack",
          "start" : 44,
          "length" : 1
        }
      ]
    },
    {
      "name" : "fsh-generated/resources/ConceptMap-appointmentstatus-ajanvarauksentila.json",
      "size" : 4427,
      "processes" : [
        {
          "activity" : "loadResources",
          "start" : 16,
          "length" : 4
        },
        {
          "activity" : "load",
          "start" : 16,
          "length" : 3
        },
        {
          "activity" : "load",
          "start" : 16,
          "length" : 2
        },
        {
          "activity" : "generateNarratives",
          "start" : 17,
          "length" : 13
        },
        {
          "activity" : "validate",
          "start" : 18,
          "length" : 28
        },
        {
          "activity" : "generate1",
          "start" : 27,
          "length" : 19
        },
        {
          "activity" : "generate2",
          "start" : 31,
          "length" : 22
        }
      ]
    },
    {
      "name" : "fsh-generated/resources/Patient-example-patient.json",
      "size" : 1314,
      "processes" : [
        {
          "activity" : "loadResources",
          "start" : 16,
          "length" : 4
        },
        {
          "activity" : "generateNarratives",
          "start" : 17,
          "length" : 814
        },
        {
          "activity" : "validate",
          "start" : 25,
          "length" : 703
        },
        {
          "activity" : "generate1",
          "start" : 27,
          "length" : 10
        },
        {
          "activity" : "generate2",
          "start" : 31,
          "length" : 144
        }
      ]
    },
    {
      "name" : "fsh-generated/resources/Slot-example-slot.json",
      "size" : 1044,
      "processes" : [
        {
          "activity" : "loadResources",
          "start" : 16,
          "length" : 2
        },
        {
          "activity" : "generateNarratives",
          "start" : 17,
          "length" : 5
        },
        {
          "activity" : "validate",
          "start" : 26,
          "length" : 857
        },
        {
          "activity" : "generate1",
          "start" : 27,
          "length" : 8
        },
        {
          "activity" : "generate2",
          "start" : 31,
          "length" : 12
        }
      ]
    },
    {
      "name" : "fsh-generated/resources/StructureDefinition-additional-information-url.json",
      "size" : 1357,
      "processes" : [
        {
          "activity" : "loadResources",
          "start" : 16,
          "length" : 2
        },
        {
          "activity" : "load",
          "start" : 16,
          "length" : 4
        },
        {
          "activity" : "generateSnapshots",
          "start" : 16,
          "length" : 5
        },
        {
          "activity" : "generateNarratives",
          "start" : 17,
          "length" : 12
        },
        {
          "activity" : "validate",
          "start" : 18,
          "length" : 96
        },
        {
          "activity" : "generate1",
          "start" : 27,
          "length" : 30
        },
        {
          "activity" : "generate2",
          "start" : 31,
          "length" : 737
        },
        {
          "activity" : "generateValidationPack",
          "start" : 44,
          "length" : 1
        }
      ]
    },
    {
      "name" : "fsh-generated/resources/StructureDefinition-care-guarantee-details.json",
      "size" : 1410,
      "processes" : [
        {
          "activity" : "loadResources",
          "start" : 16,
          "length" : 2
        },
        {
          "activity" : "load",
          "start" : 16,
          "length" : 3
        },
        {
          "activity" : "generateSnapshots",
          "start" : 16,
          "length" : 10
        },
        {
          "activity" : "generateNarratives",
          "start" : 17,
          "length" : 3
        },
        {
          "activity" : "validate",
          "start" : 18,
          "length" : 84
        },
        {
          "activity" : "generate1",
          "start" : 27,
          "length" : 28
        },
        {
          "activity" : "generate2",
          "start" : 31,
          "length" : 126
        }
      ]
    },
    {
      "name" : "fsh-generated/resources/StructureDefinition-careplan-identifier.json",
      "size" : 1423,
      "processes" : [
        {
          "activity" : "loadResources",
          "start" : 16,
          "length" : 19
        },
        {
          "activity" : "load",
          "start" : 16,
          "length" : 2
        },
        {
          "activity" : "generateSnapshots",
          "start" : 16,
          "length" : 54
        },
        {
          "activity" : "generateNarratives",
          "start" : 17,
          "length" : 5
        },
        {
          "activity" : "validate",
          "start" : 18,
          "length" : 83
        },
        {
          "activity" : "generate1",
          "start" : 27,
          "length" : 48
        },
        {
          "activity" : "generate2",
          "start" : 32,
          "length" : 172
        },
        {
          "activity" : "generateValidationPack",
          "start" : 44,
          "length" : 1
        }
      ]
    },
    {
      "name" : "fsh-generated/resources/StructureDefinition-customer-journey.json",
      "size" : 2557,
      "processes" : [
        {
          "activity" : "loadResources",
          "start" : 16,
          "length" : 2
        },
        {
          "activity" : "load",
          "start" : 16,
          "length" : 2
        },
        {
          "activity" : "generateSnapshots",
          "start" : 16,
          "length" : 18
        },
        {
          "activity" : "generateNarratives",
          "start" : 17,
          "length" : 23
        },
        {
          "activity" : "validate",
          "start" : 19,
          "length" : 96
        },
        {
          "activity" : "generate1",
          "start" : 27,
          "length" : 60
        },
        {
          "activity" : "generate2",
          "start" : 32,
          "length" : 140
        },
        {
          "activity" : "generateValidationPack",
          "start" : 44,
          "length" : 1
        }
      ]
    },
    {
      "name" : "fsh-generated/resources/StructureDefinition-fi-scheduling-appointment.json",
      "size" : 11983,
      "processes" : [
        {
          "activity" : "loadResources",
          "start" : 16,
          "length" : 3
        },
        {
          "activity" : "load",
          "start" : 16,
          "length" : 4
        },
        {
          "activity" : "generateSnapshots",
          "start" : 16,
          "length" : 104
        },
        {
          "activity" : "generateNarratives",
          "start" : 17,
          "length" : 24
        },
        {
          "activity" : "validate",
          "start" : 19,
          "length" : 460
        },
        {
          "activity" : "scanForUsageStats",
          "start" : 25,
          "length" : 1
        },
        {
          "activity" : "generate1",
          "start" : 27,
          "length" : 346
        },
        {
          "activity" : "generate2",
          "start" : 32,
          "length" : 618
        },
        {
          "activity" : "generateValidationPack",
          "start" : 44,
          "length" : 7
        },
        {
          "activity" : "scanExamplesForR5",
          "start" : 50,
          "length" : 2
        }
      ]
    },
    {
      "name" : "fsh-generated/resources/StructureDefinition-fi-scheduling-healthcare-service.json",
      "size" : 1060,
      "processes" : [
        {
          "activity" : "loadResources",
          "start" : 16,
          "length" : 2
        },
        {
          "activity" : "load",
          "start" : 16,
          "length" : 2
        },
        {
          "activity" : "generateSnapshots",
          "start" : 16,
          "length" : 25
        },
        {
          "activity" : "generateNarratives",
          "start" : 17,
          "length" : 19
        },
        {
          "activity" : "validate",
          "start" : 19,
          "length" : 170
        },
        {
          "activity" : "scanForUsageStats",
          "start" : 25,
          "length" : 1
        },
        {
          "activity" : "validate",
          "start" : 27,
          "length" : 1
        },
        {
          "activity" : "generate1",
          "start" : 28,
          "length" : 143
        },
        {
          "activity" : "generate2",
          "start" : 33,
          "length" : 286
        },
        {
          "activity" : "generateValidationPack",
          "start" : 44,
          "length" : 3
        }
      ]
    },
    {
      "name" : "fsh-generated/resources/StructureDefinition-fi-scheduling-location.json",
      "size" : 1195,
      "processes" : [
        {
          "activity" : "loadResources",
          "start" : 16,
          "length" : 2
        },
        {
          "activity" : "load-configure",
          "start" : 16,
          "length" : 1
        },
        {
          "activity" : "load",
          "start" : 16,
          "length" : 2
        },
        {
          "activity" : "generateSnapshots",
          "start" : 16,
          "length" : 26
        },
        {
          "activity" : "generateNarratives",
          "start" : 18,
          "length" : 11
        },
        {
          "activity" : "validate",
          "start" : 19,
          "length" : 195
        },
        {
          "activity" : "generate1",
          "start" : 28,
          "length" : 125
        },
        {
          "activity" : "generate2",
          "start" : 33,
          "length" : 258
        },
        {
          "activity" : "generateValidationPack",
          "start" : 44,
          "length" : 2
        },
        {
          "activity" : "scanProfilesForR5",
          "start" : 50,
          "length" : 1
        }
      ]
    },
    {
      "name" : "fsh-generated/resources/StructureDefinition-fi-scheduling-schedule.json",
      "size" : 627,
      "processes" : [
        {
          "activity" : "loadResources",
          "start" : 16,
          "length" : 2
        },
        {
          "activity" : "load",
          "start" : 16,
          "length" : 2
        },
        {
          "activity" : "generateSnapshots",
          "start" : 16,
          "length" : 7
        },
        {
          "activity" : "generateNarratives",
          "start" : 18,
          "length" : 4
        },
        {
          "activity" : "validate",
          "start" : 19,
          "length" : 52
        },
        {
          "activity" : "generate1",
          "start" : 28,
          "length" : 46
        },
        {
          "activity" : "generate2",
          "start" : 33,
          "length" : 167
        },
        {
          "activity" : "generateValidationPack",
          "start" : 44,
          "length" : 1
        },
        {
          "activity" : "scanExamplesForR5",
          "start" : 50,
          "length" : 1
        }
      ]
    },
    {
      "name" : "fsh-generated/resources/StructureDefinition-fi-scheduling-slot.json",
      "size" : 597,
      "processes" : [
        {
          "activity" : "loadResources",
          "start" : 16,
          "length" : 2
        },
        {
          "activity" : "load",
          "start" : 16,
          "length" : 2
        },
        {
          "activity" : "generateSnapshots",
          "start" : 16,
          "length" : 6
        },
        {
          "activity" : "generateNarratives",
          "start" : 18,
          "length" : 5
        },
        {
          "activity" : "validate",
          "start" : 20,
          "length" : 53
        },
        {
          "activity" : "generate1",
          "start" : 28,
          "length" : 48
        },
        {
          "activity" : "generate2",
          "start" : 33,
          "length" : 106
        },
        {
          "activity" : "generateValidationPack",
          "start" : 44,
          "length" : 1
        }
      ]
    },
    {
      "name" : "fsh-generated/resources/StructureDefinition-mutable.json",
      "size" : 3161,
      "processes" : [
        {
          "activity" : "loadResources",
          "start" : 16,
          "length" : 2
        },
        {
          "activity" : "load",
          "start" : 16,
          "length" : 2
        },
        {
          "activity" : "generateSnapshots",
          "start" : 16,
          "length" : 5
        },
        {
          "activity" : "generateNarratives",
          "start" : 18,
          "length" : 8
        },
        {
          "activity" : "validate",
          "start" : 20,
          "length" : 73
        },
        {
          "activity" : "generate1",
          "start" : 28,
          "length" : 75
        },
        {
          "activity" : "generate2",
          "start" : 33,
          "length" : 100
        },
        {
          "activity" : "generateValidationPack",
          "start" : 44,
          "length" : 1
        }
      ]
    },
    {
      "name" : "fsh-generated/resources/StructureDefinition-notification-info.json",
      "size" : 1333,
      "processes" : [
        {
          "activity" : "loadResources",
          "start" : 16,
          "length" : 2
        },
        {
          "activity" : "load",
          "start" : 16,
          "length" : 2
        },
        {
          "activity" : "generateSnapshots",
          "start" : 16,
          "length" : 3
        },
        {
          "activity" : "generateNarratives",
          "start" : 18,
          "length" : 47
        },
        {
          "activity" : "validate",
          "start" : 20,
          "length" : 16
        },
        {
          "activity" : "scanForUsageStats",
          "start" : 25,
          "length" : 1
        },
        {
          "activity" : "generate1",
          "start" : 28,
          "length" : 27
        },
        {
          "activity" : "generate2",
          "start" : 33,
          "length" : 51
        },
        {
          "activity" : "generateValidationPack",
          "start" : 44,
          "length" : 1
        }
      ]
    },
    {
      "name" : "fsh-generated/resources/StructureDefinition-notification-medium.json",
      "size" : 1575,
      "processes" : [
        {
          "activity" : "loadResources",
          "start" : 16,
          "length" : 2
        },
        {
          "activity" : "load",
          "start" : 16,
          "length" : 2
        },
        {
          "activity" : "generateSnapshots",
          "start" : 16,
          "length" : 4
        },
        {
          "activity" : "generateNarratives",
          "start" : 18,
          "length" : 5
        },
        {
          "activity" : "validate",
          "start" : 20,
          "length" : 28
        },
        {
          "activity" : "generate1",
          "start" : 28,
          "length" : 41
        },
        {
          "activity" : "generate2",
          "start" : 34,
          "length" : 70
        }
      ]
    },
    {
      "name" : "fsh-generated/resources/StructureDefinition-parent-appointment.json",
      "size" : 1377,
      "processes" : [
        {
          "activity" : "loadResources",
          "start" : 16,
          "length" : 2
        },
        {
          "activity" : "load",
          "start" : 16,
          "length" : 2
        },
        {
          "activity" : "generateSnapshots",
          "start" : 16,
          "length" : 3
        },
        {
          "activity" : "generateNarratives",
          "start" : 18,
          "length" : 4
        },
        {
          "activity" : "validate",
          "start" : 20,
          "length" : 15
        },
        {
          "activity" : "generate1",
          "start" : 28,
          "length" : 28
        },
        {
          "activity" : "generate2",
          "start" : 34,
          "length" : 50
        },
        {
          "activity" : "generateValidationPack",
          "start" : 44,
          "length" : 1
        }
      ]
    },
    {
      "name" : "fsh-generated/resources/StructureDefinition-patient-instruction-url.json",
      "size" : 1310,
      "processes" : [
        {
          "activity" : "loadResources",
          "start" : 16,
          "length" : 1
        },
        {
          "activity" : "load",
          "start" : 16,
          "length" : 2
        },
        {
          "activity" : "generateSnapshots",
          "start" : 16,
          "length" : 3
        },
        {
          "activity" : "generateNarratives",
          "start" : 18,
          "length" : 3
        },
        {
          "activity" : "validate",
          "start" : 20,
          "length" : 14
        },
        {
          "activity" : "generate1",
          "start" : 28,
          "length" : 28
        },
        {
          "activity" : "generate2",
          "start" : 34,
          "length" : 54
        }
      ]
    },
    {
      "name" : "fsh-generated/resources/StructureDefinition-prectitioner-gender.json",
      "size" : 1508,
      "processes" : [
        {
          "activity" : "loadResources",
          "start" : 16,
          "length" : 2
        },
        {
          "activity" : "load",
          "start" : 16,
          "length" : 2
        },
        {
          "activity" : "generateSnapshots",
          "start" : 16,
          "length" : 3
        },
        {
          "activity" : "generateNarratives",
          "start" : 18,
          "length" : 5
        },
        {
          "activity" : "validate",
          "start" : 20,
          "length" : 27
        },
        {
          "activity" : "generate1",
          "start" : 28,
          "length" : 39
        },
        {
          "activity" : "generate2",
          "start" : 34,
          "length" : 81
        },
        {
          "activity" : "generateValidationPack",
          "start" : 44,
          "length" : 1
        }
      ]
    },
    {
      "name" : "fsh-generated/resources/StructureDefinition-queue-number.json",
      "size" : 1285,
      "processes" : [
        {
          "activity" : "loadResources",
          "start" : 16,
          "length" : 2
        },
        {
          "activity" : "load",
          "start" : 16,
          "length" : 2
        },
        {
          "activity" : "generateSnapshots",
          "start" : 16,
          "length" : 3
        },
        {
          "activity" : "generateNarratives",
          "start" : 18,
          "length" : 4
        },
        {
          "activity" : "validate",
          "start" : 20,
          "length" : 14
        },
        {
          "activity" : "generate1",
          "start" : 28,
          "length" : 26
        },
        {
          "activity" : "generate2",
          "start" : 34,
          "length" : 55
        }
      ]
    },
    {
      "name" : "fsh-generated/resources/StructureDefinition-referral-id.json",
      "size" : 1277,
      "processes" : [
        {
          "activity" : "loadResources",
          "start" : 16,
          "length" : 7
        },
        {
          "activity" : "load",
          "start" : 16,
          "length" : 2
        },
        {
          "activity" : "generateSnapshots",
          "start" : 16,
          "length" : 2
        },
        {
          "activity" : "generateNarratives",
          "start" : 18,
          "length" : 4
        },
        {
          "activity" : "validate",
          "start" : 20,
          "length" : 15
        },
        {
          "activity" : "generate1",
          "start" : 28,
          "length" : 26
        },
        {
          "activity" : "generate2",
          "start" : 34,
          "length" : 54
        },
        {
          "activity" : "generateValidationPack",
          "start" : 44,
          "length" : 1
        }
      ]
    },
    {
      "name" : "fsh-generated/resources/StructureDefinition-requested-service-info.json",
      "size" : 2694,
      "processes" : [
        {
          "activity" : "loadResources",
          "start" : 16,
          "length" : 2
        },
        {
          "activity" : "load",
          "start" : 16,
          "length" : 2
        },
        {
          "activity" : "generateSnapshots",
          "start" : 16,
          "length" : 4
        },
        {
          "activity" : "generateNarratives",
          "start" : 18,
          "length" : 5
        },
        {
          "activity" : "validate",
          "start" : 20,
          "length" : 58
        },
        {
          "activity" : "generate1",
          "start" : 28,
          "length" : 60
        },
        {
          "activity" : "generate2",
          "start" : 34,
          "length" : 80
        }
      ]
    },
    {
      "name" : "fsh-generated/resources/StructureDefinition-resource-calendar.json",
      "size" : 2583,
      "processes" : [
        {
          "activity" : "loadResources",
          "start" : 16,
          "length" : 2
        },
        {
          "activity" : "load-configure",
          "start" : 16,
          "length" : 1
        },
        {
          "activity" : "load",
          "start" : 16,
          "length" : 2
        },
        {
          "activity" : "generateSnapshots",
          "start" : 16,
          "length" : 3
        },
        {
          "activity" : "generateNarratives",
          "start" : 18,
          "length" : 14
        },
        {
          "activity" : "validate",
          "start" : 20,
          "length" : 61
        },
        {
          "activity" : "generate1",
          "start" : 29,
          "length" : 58
        },
        {
          "activity" : "generate2",
          "start" : 34,
          "length" : 109
        },
        {
          "activity" : "generateValidationPack",
          "start" : 44,
          "length" : 1
        }
      ]
    },
    {
      "name" : "fsh-generated/resources/StructureDefinition-self-service-info.json",
      "size" : 4160,
      "processes" : [
        {
          "activity" : "loadResources",
          "start" : 16,
          "length" : 2
        },
        {
          "activity" : "load",
          "start" : 16,
          "length" : 2
        },
        {
          "activity" : "generateSnapshots",
          "start" : 16,
          "length" : 3
        },
        {
          "activity" : "generateNarratives",
          "start" : 18,
          "length" : 14
        },
        {
          "activity" : "validate",
          "start" : 20,
          "length" : 81
        },
        {
          "activity" : "generate1",
          "start" : 29,
          "length" : 91
        },
        {
          "activity" : "generate2",
          "start" : 34,
          "length" : 113
        },
        {
          "activity" : "generateValidationPack",
          "start" : 44,
          "length" : 2
        }
      ]
    },
    {
      "name" : "fsh-generated/resources/StructureDefinition-service-additional-information.json",
      "size" : 1469,
      "processes" : [
        {
          "activity" : "loadResources",
          "start" : 16,
          "length" : 1
        },
        {
          "activity" : "load",
          "start" : 16,
          "length" : 2
        },
        {
          "activity" : "generateSnapshots",
          "start" : 16,
          "length" : 2
        },
        {
          "activity" : "generateNarratives",
          "start" : 18,
          "length" : 5
        },
        {
          "activity" : "validate",
          "start" : 20,
          "length" : 19
        },
        {
          "activity" : "generate1",
          "start" : 29,
          "length" : 36
        },
        {
          "activity" : "generate2",
          "start" : 34,
          "length" : 52
        }
      ]
    },
    {
      "name" : "fsh-generated/resources/StructureDefinition-ticket-number.json",
      "size" : 1289,
      "processes" : [
        {
          "activity" : "loadResources",
          "start" : 16,
          "length" : 2
        },
        {
          "activity" : "load",
          "start" : 16,
          "length" : 2
        },
        {
          "activity" : "generateSnapshots",
          "start" : 16,
          "length" : 3
        },
        {
          "activity" : "generateNarratives",
          "start" : 18,
          "length" : 3
        },
        {
          "activity" : "validate",
          "start" : 20,
          "length" : 16
        },
        {
          "activity" : "generate1",
          "start" : 29,
          "length" : 28
        },
        {
          "activity" : "generate2",
          "start" : 34,
          "length" : 49
        },
        {
          "activity" : "generateValidationPack",
          "start" : 44,
          "length" : 1
        }
      ]
    },
    {
      "name" : "fsh-generated/resources/StructureDefinition-topic-id.json",
      "size" : 1231,
      "processes" : [
        {
          "activity" : "loadResources",
          "start" : 16,
          "length" : 2
        },
        {
          "activity" : "load",
          "start" : 16,
          "length" : 2
        },
        {
          "activity" : "generateSnapshots",
          "start" : 16,
          "length" : 2
        },
        {
          "activity" : "generateNarratives",
          "start" : 18,
          "length" : 4
        },
        {
          "activity" : "validate",
          "start" : 20,
          "length" : 16
        },
        {
          "activity" : "generate1",
          "start" : 29,
          "length" : 27
        },
        {
          "activity" : "generate2",
          "start" : 34,
          "length" : 60
        }
      ]
    },
    {
      "name" : "input/examples/appointment.json",
      "size" : 2993,
      "processes" : [
        {
          "activity" : "loadResources",
          "start" : 16,
          "length" : 2
        },
        {
          "activity" : "generateNarratives",
          "start" : 18,
          "length" : 7
        },
        {
          "activity" : "validate",
          "start" : 27,
          "length" : 41
        },
        {
          "activity" : "generate1",
          "start" : 29,
          "length" : 12
        },
        {
          "activity" : "generate2",
          "start" : 34,
          "length" : 15
        }
      ]
    }
  ]
}
