<?xml version="1.0" encoding="UTF-8"?>

<Appointment xmlns="http://hl7.org/fhir">
  <id value="example-appointment-4"/>
  <meta>
    <profile value="https://hl7.fi/fhir/finnish-scheduling/StructureDefinition/fi-scheduling-appointment"/>
  </meta>
  <text>
    <status value="generated"/><div xmlns="http://www.w3.org/1999/xhtml"><p class="res-header-id"><b>Generated Narrative: Appointment example-appointment-4</b></p><a name="example-appointment-4"> </a><a name="hcexample-appointment-4"> </a><a name="example-appointment-4-fi-FI"> </a><div style="display: inline-block; background-color: #d9e0e7; padding: 6px; margin: 4px; border: 1px solid #8da1b4; border-radius: 5px; line-height: 60%"><p style="margin-bottom: 0px"/><p style="margin-bottom: 0px">Profile: <a href="StructureDefinition-fi-scheduling-appointment.html">FiSchedulingAppointment</a></p></div><p><b>identifier</b>: <code>http://organisaationmaarittelemanimiavaruus.fi</code>/12345</p><p><b>status</b>: Booked</p><p><b>serviceCategory</b>: <span title="Codes:{urn:oid:1.2.246.537.6.50 SOTE23.1}, {http://terminology.hl7.org/CodeSystem/service-category 17}">Perusterveydenhuollon vastaanottopalvelu</span></p><p><b>serviceType</b>: <span title="Codes:{urn:oid:1.2.246.537.6.49 EDC}, {http://terminology.hl7.org/CodeSystem/service-type 74}">Terveydenhoitajan palvelu</span></p><p><b>reasonReference</b>: </p><ul><li><a href="#hcexample-appointment-4/example-condition-1">Condition Poikkeava verensokeri (löydös)</a></li><li><a href="#hcexample-appointment-4/example-condition-2">Condition Ravitsemusneuvonta (toimenpide)</a></li></ul><p><b>start</b>: 2023-06-10 09:00:00+0000</p><p><b>end</b>: 2023-06-10 11:00:00+0000</p><p><b>comment</b>: Asiakkaalle tai ajanvarauksen katselijalle tarkoitettu vapaamuotoinen lisätieto voidaan kirjoittaa tähän.</p><blockquote><p><b>participant</b></p><p><b>actor</b>: <a href="#hcexample-appointment-4/patient-iida">Iida Maria Koski (official) (no stated gender), DoB: 2011-01-30 ( urn:oid:1.2.246.21#300111A9001 (use: official, ))</a></p><p><b>status</b>: Accepted</p></blockquote><blockquote><p><b>participant</b></p><p><b>actor</b>: <a href="#hcexample-appointment-4/example-service">HealthcareService Ajanvaraus terveydenhoitajalle</a></p><p><b>status</b>: Accepted</p></blockquote><blockquote><p><b>participant</b></p><p><b>actor</b>: <a href="#hcexample-appointment-4/example-location">Location: description = Hissillä ylös kolmanteen kerrokseen</a></p><p><b>status</b>: Accepted</p></blockquote><hr/><blockquote><p class="res-header-id"><b>Generated Narrative: Patient #patient-iida</b></p><a name="example-appointment-4/patient-iida"> </a><a name="hcexample-appointment-4/patient-iida"> </a><a name="example-appointment-4/patient-iida-fi-FI"> </a><div style="display: inline-block; background-color: #d9e0e7; padding: 6px; margin: 4px; border: 1px solid #8da1b4; border-radius: 5px; line-height: 60%"><p style="margin-bottom: 0px"/><p style="margin-bottom: 0px">Profile: <a href="https://hl7.fi/fhir/finnish-base-profiles/1.0.0/StructureDefinition-fi-base-patient.html">FI Base Patient</a></p></div><p style="border: 1px #661aff solid; background-color: #e6e6ff; padding: 10px;">Iida Maria Koski (official) (no stated gender), DoB: 2011-01-30 ( urn:oid:1.2.246.21#300111A9001 (use: official, ))</p><hr/><table class="grid"><tr><td style="background-color: #f3f5da" title="Other Id (see the one above)">Other Id:</td><td colspan="3"><code>urn:oid:1.2.246.10.12345678.22.2023</code>/1122 (use: old, )</td></tr><tr><td style="background-color: #f3f5da" title="Alternate names (see the one above)">Alt. Name:</td><td colspan="3">Iitu (Nickname)</td></tr></table></blockquote><hr/><blockquote><p class="res-header-id"><b>Generated Narrative: Condition #example-condition-1</b></p><a name="example-appointment-4/example-condition-1"> </a><a name="hcexample-appointment-4/example-condition-1"> </a><a name="example-appointment-4/example-condition-1-fi-FI"> </a><p><b>code</b>: <span title="Codes:{urn:oid:1.2.246.537.6.355.202001 166922008}">Poikkeava verensokeri (löydös)</span></p><p><b>subject</b>: <a href="#hcexample-appointment-4/patient-iida">Iida Maria Koski (official) (no stated gender), DoB: 2011-01-30 ( urn:oid:1.2.246.21#300111A9001 (use: official, ))</a></p></blockquote><hr/><blockquote><p class="res-header-id"><b>Generated Narrative: Condition #example-condition-2</b></p><a name="example-appointment-4/example-condition-2"> </a><a name="hcexample-appointment-4/example-condition-2"> </a><a name="example-appointment-4/example-condition-2-fi-FI"> </a><p><b>code</b>: <span title="Codes:{urn:oid:1.2.246.537.6.355.202001 11816003}">Ravitsemusneuvonta (toimenpide)</span></p><p><b>subject</b>: <a href="#hcexample-appointment-4/patient-iida">Iida Maria Koski (official) (no stated gender), DoB: 2011-01-30 ( urn:oid:1.2.246.21#300111A9001 (use: official, ))</a></p></blockquote><hr/><blockquote><p class="res-header-id"><b>Generated Narrative: Organization #example-org-unit</b></p><a name="example-appointment-4/example-org-unit"> </a><a name="hcexample-appointment-4/example-org-unit"> </a><a name="example-appointment-4/example-org-unit-fi-FI"> </a><div style="display: inline-block; background-color: #d9e0e7; padding: 6px; margin: 4px; border: 1px solid #8da1b4; border-radius: 5px; line-height: 60%"><p style="margin-bottom: 0px"/><p style="margin-bottom: 0px">Profile: <a href="https://hl7.fi/fhir/finnish-base-profiles/1.0.0/StructureDefinition-fi-base-organization.html">FI Base Organization</a></p></div><p><b>identifier</b>: <a href="http://terminology.hl7.org/5.0.0/NamingSystem-uri.html" title="As defined by RFC 3986 (http://www.ietf.org/rfc/rfc3986.txt)(with many schemes defined in many RFCs). For OIDs and UUIDs, use the URN form (urn:oid:(note: lowercase) and urn:uuid:). See http://www.ietf.org/rfc/rfc3001.txt and http://www.ietf.org/rfc/rfc4122.txt 

This oid is used as an identifier II.root to indicate the the extension is an absolute URI (technically, an IRI). Typically, this is used for OIDs and GUIDs. Note that when this OID is used with OIDs and GUIDs, the II.extension should start with urn:oid or urn:uuid: 

Note that this OID is created to aid with interconversion between CDA and FHIR - FHIR uses urn:ietf:rfc:3986 as equivalent to this OID. URIs as identifiers appear more commonly in FHIR.

This OID may also be used in CD.codeSystem.">URI</a>/urn:oid:1.2.246.10.10688929.10.20.1010</p><p><b>name</b>: Esimerkki-Palveluyksikkö</p><p><b>partOf</b>: Esimerkki-Palveluntuottaja (Identifier: <a href="http://terminology.hl7.org/5.0.0/NamingSystem-uri.html" title="As defined by RFC 3986 (http://www.ietf.org/rfc/rfc3986.txt)(with many schemes defined in many RFCs). For OIDs and UUIDs, use the URN form (urn:oid:(note: lowercase) and urn:uuid:). See http://www.ietf.org/rfc/rfc3001.txt and http://www.ietf.org/rfc/rfc4122.txt 

This oid is used as an identifier II.root to indicate the the extension is an absolute URI (technically, an IRI). Typically, this is used for OIDs and GUIDs. Note that when this OID is used with OIDs and GUIDs, the II.extension should start with urn:oid or urn:uuid: 

Note that this OID is created to aid with interconversion between CDA and FHIR - FHIR uses urn:ietf:rfc:3986 as equivalent to this OID. URIs as identifiers appear more commonly in FHIR.

This OID may also be used in CD.codeSystem.">URI</a>/urn:oid:1.2.246.10.10688929.10.0)</p></blockquote><hr/><blockquote><p class="res-header-id"><b>Generated Narrative: HealthcareService #example-service</b></p><a name="example-appointment-4/example-service"> </a><a name="hcexample-appointment-4/example-service"> </a><a name="example-appointment-4/example-service-fi-FI"> </a><div style="display: inline-block; background-color: #d9e0e7; padding: 6px; margin: 4px; border: 1px solid #8da1b4; border-radius: 5px; line-height: 60%"><p style="margin-bottom: 0px"/><p style="margin-bottom: 0px">Profile: <a href="StructureDefinition-fi-scheduling-healthcare-service.html">FiSchedulingHealthcareService</a></p></div><p><b>providedBy</b>: <a href="#hcexample-appointment-4/example-org-unit">Organization Esimerkki-Palveluyksikkö</a></p><p><b>category</b>: <span title="Codes:{urn:oid:1.2.246.537.6.50 SOTE4.2}">Terveydenhoitajan palvelu</span>, <span title="Codes:{http://terminology.hl7.org/CodeSystem/service-category 17}">General Practice</span></p><p><b>type</b>: <span title="Codes:{urn:oid:1.2.246.537.6.49 EDC}">Terveydenhoitajan palvelu</span></p><p><b>name</b>: Ajanvaraus terveydenhoitajalle</p></blockquote><hr/><blockquote><p class="res-header-id"><b>Generated Narrative: Location #example-location</b></p><a name="example-appointment-4/example-location"> </a><a name="hcexample-appointment-4/example-location"> </a><a name="example-appointment-4/example-location-fi-FI"> </a><p><b>description</b>: Hissillä ylös kolmanteen kerrokseen</p><p><b>address</b>: Terveyskuja 5 A 2 Iisalmi </p></blockquote></div>
  </text>
  <contained>
    <Patient>
      <id value="patient-iida"/>
      <meta>
        <profile value="https://hl7.fi/fhir/finnish-base-profiles/StructureDefinition/fi-base-patient"/>
      </meta>
      <identifier>
        <use value="official"/>
        <system value="urn:oid:1.2.246.21"/>
        <value value="300111A9001"/>
      </identifier>
      <identifier>
        <use value="old"/>
        <system value="urn:oid:1.2.246.10.12345678.22.2023"/>
        <value value="1122"/>
      </identifier>
      <name>
        <use value="official"/>
        <family value="Koski"/>
        <given value="Iida"/>
        <given value="Maria"/>
      </name>
      <name>
        <use value="nickname"/>
        <given value="Iitu"/>
      </name>
      <birthDate value="2011-01-30"/>
    </Patient>
  </contained>
  <contained>
    <Condition>
      <id value="example-condition-1"/>
      <code>
        <coding>
          <system value="urn:oid:1.2.246.537.6.355.202001"/>
          <code value="166922008"/>
          <display value="Poikkeava verensokeri (löydös)"/>
        </coding>
      </code>
      <subject>
        <reference value="#patient-iida"/>
      </subject>
    </Condition>
  </contained>
  <contained>
    <Condition>
      <id value="example-condition-2"/>
      <code>
        <coding>
          <system value="urn:oid:1.2.246.537.6.355.202001"/>
          <code value="11816003"/>
          <display value="Ravitsemusneuvonta (toimenpide)"/>
        </coding>
      </code>
      <subject>
        <reference value="#patient-iida"/>
      </subject>
    </Condition>
  </contained>
  <contained>
    <Organization>
      <id value="example-org-unit"/>
      <meta>
        <profile value="https://hl7.fi/fhir/finnish-base-profiles/StructureDefinition/fi-base-organization"/>
      </meta>
      <identifier>
        <system value="urn:ietf:rfc:3986"/>
        <value value="urn:oid:1.2.246.10.10688929.10.20.1010"/>
      </identifier>
      <name value="Esimerkki-Palveluyksikkö"/>
      <partOf>
        <identifier>
          <system value="urn:ietf:rfc:3986"/>
          <value value="urn:oid:1.2.246.10.10688929.10.0"/>
        </identifier>
        <display value="Esimerkki-Palveluntuottaja"/>
      </partOf>
    </Organization>
  </contained>
  <contained>
    <HealthcareService>
      <id value="example-service"/>
      <meta>
        <profile value="https://hl7.fi/fhir/finnish-scheduling/StructureDefinition/fi-scheduling-healthcare-service"/>
      </meta>
      <providedBy>
        <reference value="#example-org-unit"/>
      </providedBy>
      <category>
        <coding>
          <system value="urn:oid:1.2.246.537.6.50"/>
          <code value="SOTE4.2"/>
          <display value="Terveydenhoitajan palvelu"/>
        </coding>
      </category>
      <category>
        <coding>
          <system value="http://terminology.hl7.org/CodeSystem/service-category"/>
          <code value="17"/>
          <display value="General Practice"/>
        </coding>
      </category>
      <type>
        <coding>
          <system value="urn:oid:1.2.246.537.6.49"/>
          <code value="EDC"/>
          <display value="Terveydenhoitajan palvelu"/>
        </coding>
      </type>
      <name value="Ajanvaraus terveydenhoitajalle"/>
    </HealthcareService>
  </contained>
  <contained>
    <Location>
      <id value="example-location"/>
      <description value="Hissillä ylös kolmanteen kerrokseen"/>
      <address>
        <type value="physical"/>
        <line value="Terveyskuja 5 A 2"/>
        <city value="Iisalmi"/>
      </address>
    </Location>
  </contained>
  <identifier>
    <system value="http://organisaationmaarittelemanimiavaruus.fi"/>
    <value value="12345"/>
  </identifier>
  <status value="booked"/>
  <serviceCategory>
    <coding>
      <system value="urn:oid:1.2.246.537.6.50"/>
      <code value="SOTE23.1"/>
      <display value="Perusterveydenhuollon vastaanottopalvelu"/>
    </coding>
    <coding>
      <system value="http://terminology.hl7.org/CodeSystem/service-category"/>
      <code value="17"/>
      <display value="General Practice"/>
    </coding>
  </serviceCategory>
  <serviceType>
    <coding>
      <system value="urn:oid:1.2.246.537.6.49"/>
      <code value="EDC"/>
      <display value="Terveydenhoitajan palvelu"/>
    </coding>
    <coding>
      <system value="http://terminology.hl7.org/CodeSystem/service-type"/>
      <code value="74"/>
      <display value="Generalist counselling"/>
    </coding>
  </serviceType>
  <reasonReference>
    <reference value="#example-condition-1"/>
  </reasonReference>
  <reasonReference>
    <reference value="#example-condition-2"/>
  </reasonReference>
  <start value="2023-06-10T09:00:00+00:00"/>
  <end value="2023-06-10T11:00:00+00:00"/>
  <comment value="Asiakkaalle tai ajanvarauksen katselijalle tarkoitettu vapaamuotoinen lisätieto voidaan kirjoittaa tähän."/>
  <participant>
    <actor>
      <reference value="#patient-iida"/>
    </actor>
    <status value="accepted"/>
  </participant>
  <participant>
    <actor>
      <reference value="#example-service"/>
    </actor>
    <status value="accepted"/>
  </participant>
  <participant>
    <actor>
      <reference value="#example-location"/>
    </actor>
    <status value="accepted"/>
  </participant>
</Appointment>