<?xml version="1.0" encoding="UTF-8"?>

<Organization xmlns="http://hl7.org/fhir">
  <id value="example-org-unit"/>
  <meta>
    <profile value="https://hl7.fi/fhir/finnish-base-profiles/StructureDefinition/fi-base-organization"/>
  </meta>
  <text>
    <status value="generated"/><div xmlns="http://www.w3.org/1999/xhtml"><p class="res-header-id"><b>Generated Narrative: Organization example-org-unit</b></p><a name="example-org-unit"> </a><a name="hcexample-org-unit"> </a><a name="example-org-unit-fi-FI"> </a><div style="display: inline-block; background-color: #d9e0e7; padding: 6px; margin: 4px; border: 1px solid #8da1b4; border-radius: 5px; line-height: 60%"><p style="margin-bottom: 0px"/><p style="margin-bottom: 0px">Profile: <a href="https://hl7.fi/fhir/finnish-base-profiles/1.0.0/StructureDefinition-fi-base-organization.html">FI Base Organization</a></p></div><p><b>identifier</b>: <a href="http://terminology.hl7.org/5.0.0/NamingSystem-uri.html" title="As defined by RFC 3986 (http://www.ietf.org/rfc/rfc3986.txt)(with many schemes defined in many RFCs). For OIDs and UUIDs, use the URN form (urn:oid:(note: lowercase) and urn:uuid:). See http://www.ietf.org/rfc/rfc3001.txt and http://www.ietf.org/rfc/rfc4122.txt 

This oid is used as an identifier II.root to indicate the the extension is an absolute URI (technically, an IRI). Typically, this is used for OIDs and GUIDs. Note that when this OID is used with OIDs and GUIDs, the II.extension should start with urn:oid or urn:uuid: 

Note that this OID is created to aid with interconversion between CDA and FHIR - FHIR uses urn:ietf:rfc:3986 as equivalent to this OID. URIs as identifiers appear more commonly in FHIR.

This OID may also be used in CD.codeSystem.">URI</a>/urn:oid:1.2.246.10.10688929.10.20.1010</p><p><b>name</b>: Esimerkki-Palveluyksikkö</p><p><b>partOf</b>: Esimerkki-Palveluntuottaja (Identifier: <a href="http://terminology.hl7.org/5.0.0/NamingSystem-uri.html" title="As defined by RFC 3986 (http://www.ietf.org/rfc/rfc3986.txt)(with many schemes defined in many RFCs). For OIDs and UUIDs, use the URN form (urn:oid:(note: lowercase) and urn:uuid:). See http://www.ietf.org/rfc/rfc3001.txt and http://www.ietf.org/rfc/rfc4122.txt 

This oid is used as an identifier II.root to indicate the the extension is an absolute URI (technically, an IRI). Typically, this is used for OIDs and GUIDs. Note that when this OID is used with OIDs and GUIDs, the II.extension should start with urn:oid or urn:uuid: 

Note that this OID is created to aid with interconversion between CDA and FHIR - FHIR uses urn:ietf:rfc:3986 as equivalent to this OID. URIs as identifiers appear more commonly in FHIR.

This OID may also be used in CD.codeSystem.">URI</a>/urn:oid:1.2.246.10.10688929.10.0)</p></div>
  </text>
  <identifier>
    <system value="urn:ietf:rfc:3986"/>
    <value value="urn:oid:1.2.246.10.10688929.10.20.1010"/>
  </identifier>
  <name value="Esimerkki-Palveluyksikkö"/>
  <partOf>
    <identifier>
      <system value="urn:ietf:rfc:3986"/>
      <value value="urn:oid:1.2.246.10.10688929.10.0"/>
    </identifier>
    <display value="Esimerkki-Palveluntuottaja"/>
  </partOf>
</Organization>