{
  "resourceType" : "ValueSet",
  "id" : "SecurityLabelVS",
  "text" : {
    "status" : "extensions",
    "div" : "<div xmlns=\"http://www.w3.org/1999/xhtml\">Placeholder</div>"
  },
  "url" : "https://hl7.fi/fhir/finnish-base-profiles/ValueSet/SecurityLabelVS",
  "version" : "1.0.0-rc20",
  "name" : "SecurityLabelVS",
  "title" : "Finnish ValueSet for security labels in accordance with finnish authorities",
  "status" : "active",
  "experimental" : false,
  "date" : "2023-09-04T11:56:09+03:00",
  "publisher" : "HL7 Finland",
  "contact" : [{
    "name" : "HL7 Finland",
    "telecom" : [{
      "system" : "url",
      "value" : "https://www.hl7.fi/"
    },
    {
      "system" : "email",
      "value" : "mikael@sensotrend.com"
    }]
  }],
  "description" : "This is the ValueSet for security labels in accordance with finnish authorities.",
  "jurisdiction" : [{
    "coding" : [{
      "system" : "urn:iso:std:iso:3166",
      "code" : "FI",
      "display" : "Finland"
    }]
  }],
  "compose" : {
    "include" : [{
      "system" : "https://hl7.fi/fhir/finnish-base-profiles/CodeSystem/SecurityLabelCS",
      "concept" : [{
        "code" : "TURVAKIELTO"
      }]
    }]
  }
}