Source File	Size	loadResources	load-configure	scan	loadDepInfo	loadInfo	load	generateSnapshots	checkR4R4B	generateNarratives	validate	loadLists	checkConformanceResources	checkConformanceResources2	checkConformanceResources3	generateLogicalMaps	validateExpressions	scanForUsageStats	checkURLsUnique	processProvenanceDetails	generate1	generate2	generateLogicals	makeDependencies	generateExampleZip	generateValidationPack	scanProfilesForR5	scanExamplesForR5
/fsh-generated/resources/ImplementationGuide-hl7.fhir.fi.smart.json	3666	-	0	0	0	0	0	0	3	106	0	0	0	0	0	0	0	1	0	0	179	81	0	0	0	1	0	1
fsh-generated/resources/CapabilityStatement-apottiekosysteemi-capabilitystatement.json	64437	183	0	0	0	1	0	0	4	110	0	0	0	0	0	0	0	1	0	0	449	91	0	0	0	4	0	0
fsh-generated/resources/CapabilityStatement-fi-smart-server.json	2976	10	0	0	1	0	0	0	0	29	0	0	0	0	0	0	0	0	0	0	37	12	0	0	0	0	0	0
fsh-generated/resources/AuditEvent-apotti-ehr-launch-by-practitioner.json	820	10	0	0	0	0	0	0	0	148	0	0	0	0	0	0	0	0	0	0	17	13	0	0	0	0	0	0
fsh-generated/resources/StructureDefinition-fi-smart-server-profile.json	1583	19	0	0	0	0	0	629	0	453	0	0	1	0	0	0	0	2	0	0	1448	4937	0	0	0	10	0	1
