<?xml version="1.0" encoding="UTF-8"?>

<CodeSystem xmlns="http://hl7.org/fhir">
  <id value="fiphr-cs-careplancategory"/>
  <text>
    <status value="generated"/><div xmlns="http://www.w3.org/1999/xhtml"><p>This code system <code>http://phr.kanta.fi/CodeSystem/fiphr-cs-careplancategory</code> defines the following codes:</p><table class="codes"><tr><td style="white-space:nowrap"><b>Code</b></td><td><b>Display</b></td></tr><tr><td style="white-space:nowrap">1<a name="fiphr-cs-careplancategory-1"> </a></td><td>Hengitystietulehdus tai -oire</td></tr><tr><td style="white-space:nowrap">2<a name="fiphr-cs-careplancategory-2"> </a></td><td>Yskä</td></tr><tr><td style="white-space:nowrap">3<a name="fiphr-cs-careplancategory-3"> </a></td><td>Virtsatietulehdus tai -oire (18–65v. naiset)</td></tr><tr><td style="white-space:nowrap">4<a name="fiphr-cs-careplancategory-4"> </a></td><td>Korvan kipu tai lukkoisuus</td></tr><tr><td style="white-space:nowrap">5<a name="fiphr-cs-careplancategory-5"> </a></td><td>Kurkkukipu tai nieluoire</td></tr><tr><td style="white-space:nowrap">6<a name="fiphr-cs-careplancategory-6"> </a></td><td>Ripuli</td></tr><tr><td style="white-space:nowrap">7<a name="fiphr-cs-careplancategory-7"> </a></td><td>Alaselkäkipu tai -vamma</td></tr><tr><td style="white-space:nowrap">8<a name="fiphr-cs-careplancategory-8"> </a></td><td>Närästys</td></tr><tr><td style="white-space:nowrap">9<a name="fiphr-cs-careplancategory-9"> </a></td><td>Olkapään kipu, jäykkyys tai vamma</td></tr><tr><td style="white-space:nowrap">10<a name="fiphr-cs-careplancategory-10"> </a></td><td>Päänsärky</td></tr><tr><td style="white-space:nowrap">11<a name="fiphr-cs-careplancategory-11"> </a></td><td>Peräaukon seudun oire</td></tr><tr><td style="white-space:nowrap">12<a name="fiphr-cs-careplancategory-12"> </a></td><td>Polven oire tai vamma</td></tr><tr><td style="white-space:nowrap">13<a name="fiphr-cs-careplancategory-13"> </a></td><td>Silmän oire</td></tr><tr><td style="white-space:nowrap">14<a name="fiphr-cs-careplancategory-14"> </a></td><td>Sukupuolitaudin oire</td></tr><tr><td style="white-space:nowrap">15<a name="fiphr-cs-careplancategory-15"> </a></td><td>Terveystarkastus</td></tr><tr><td style="white-space:nowrap">16<a name="fiphr-cs-careplancategory-16"> </a></td><td>Henkilökohtainen apu</td></tr><tr><td style="white-space:nowrap">17<a name="fiphr-cs-careplancategory-17"> </a></td><td>Liikkuminen kodin ulkopuolella</td></tr><tr><td style="white-space:nowrap">18<a name="fiphr-cs-careplancategory-18"> </a></td><td>Maahanmuuttajan hyvinvointi</td></tr><tr><td style="white-space:nowrap">19<a name="fiphr-cs-careplancategory-19"> </a></td><td>Omaishoidon tuki</td></tr><tr><td style="white-space:nowrap">20<a name="fiphr-cs-careplancategory-20"> </a></td><td>Läheishoitajan tarkastus</td></tr><tr><td style="white-space:nowrap">21<a name="fiphr-cs-careplancategory-21"> </a></td><td>Viitosluokkalaisen terveystarkastus, vanhemmat (poistettu)</td></tr><tr><td style="white-space:nowrap">22<a name="fiphr-cs-careplancategory-22"> </a></td><td>Viitosluokkalaisen terveystarkastus, lapsi (poistettu)</td></tr><tr><td style="white-space:nowrap">23<a name="fiphr-cs-careplancategory-23"> </a></td><td>Yleinen hyvinvointikysely (WHOQOL-BREF)</td></tr><tr><td style="white-space:nowrap">24<a name="fiphr-cs-careplancategory-24"> </a></td><td>Elämäntilannekysely (3X10D)</td></tr><tr><td style="white-space:nowrap">25<a name="fiphr-cs-careplancategory-25"> </a></td><td>Opiskeluterveydenhuollon esitiedot</td></tr><tr><td style="white-space:nowrap">26<a name="fiphr-cs-careplancategory-26"> </a></td><td>Suun terveydentila, lapset ja nuoret</td></tr><tr><td style="white-space:nowrap">27<a name="fiphr-cs-careplancategory-27"> </a></td><td>Omaishoitajan jaksaminen</td></tr><tr><td style="white-space:nowrap">28<a name="fiphr-cs-careplancategory-28"> </a></td><td>Puolitoistavuotiaan laaja terveystarkastus</td></tr><tr><td style="white-space:nowrap">29<a name="fiphr-cs-careplancategory-29"> </a></td><td>Yötyötä tekevän työterveystarkastus</td></tr><tr><td style="white-space:nowrap">30<a name="fiphr-cs-careplancategory-30"> </a></td><td>Kohonnut verenpaine</td></tr><tr><td style="white-space:nowrap">31<a name="fiphr-cs-careplancategory-31"> </a></td><td>Yläkoululaisen terveystarkastus, vanhemmat (poistettu)</td></tr><tr><td style="white-space:nowrap">32<a name="fiphr-cs-careplancategory-32"> </a></td><td>Viitosluokkalaisen terveystarkastus, vanhemmat</td></tr><tr><td style="white-space:nowrap">33<a name="fiphr-cs-careplancategory-33"> </a></td><td>Hampaiden tai suun oire tai vamma</td></tr><tr><td style="white-space:nowrap">34<a name="fiphr-cs-careplancategory-34"> </a></td><td>Suun terveydentila, aikuiset</td></tr><tr><td style="white-space:nowrap">35<a name="fiphr-cs-careplancategory-35"> </a></td><td>Äitiysneuvolan esitiedot</td></tr><tr><td style="white-space:nowrap">36<a name="fiphr-cs-careplancategory-36"> </a></td><td>Hyvinvointitarkastus</td></tr><tr><td style="white-space:nowrap">37<a name="fiphr-cs-careplancategory-37"> </a></td><td>Suunnitelma</td></tr><tr><td style="white-space:nowrap">38<a name="fiphr-cs-careplancategory-38"> </a></td><td>Liikuntaohjelma askeltajille</td></tr><tr><td style="white-space:nowrap">39<a name="fiphr-cs-careplancategory-39"> </a></td><td>Lääkärintodistus, pyyntö</td></tr><tr><td style="white-space:nowrap">40<a name="fiphr-cs-careplancategory-40"> </a></td><td>Diabetes, riskitesti</td></tr><tr><td style="white-space:nowrap">41<a name="fiphr-cs-careplancategory-41"> </a></td><td>Yleinen oirearvio</td></tr><tr><td style="white-space:nowrap">42<a name="fiphr-cs-careplancategory-42"> </a></td><td>Painonhallinta</td></tr><tr><td style="white-space:nowrap">43<a name="fiphr-cs-careplancategory-43"> </a></td><td>Tupakoinnin lopettamisen valmennusohjelma</td></tr><tr><td style="white-space:nowrap">44<a name="fiphr-cs-careplancategory-44"> </a></td><td>Terveellinen ravinto -valmennusohjelma</td></tr><tr><td style="white-space:nowrap">45<a name="fiphr-cs-careplancategory-45"> </a></td><td>Univalmennus</td></tr><tr><td style="white-space:nowrap">46<a name="fiphr-cs-careplancategory-46"> </a></td><td>Avoin palvelupyyntö</td></tr><tr><td style="white-space:nowrap">47<a name="fiphr-cs-careplancategory-47"> </a></td><td>Raskausdiabeteksen jälkiseuranta</td></tr><tr><td style="white-space:nowrap">48<a name="fiphr-cs-careplancategory-48"> </a></td><td>Koronavirustauti</td></tr></table><p><b>Additional Language Displays</b></p><table class="codes"><tr><td><b>Code</b></td><td><b>English (English, en)</b></td><td><b>Finnish (fi)</b></td><td><b>Swedish (sv)</b></td></tr><tr><td>1</td><td>Respiratory infection or symptom</td><td>Hengitystietulehdus tai -oire</td><td>Luftvägsinfektion eller -symtom</td></tr><tr><td>2</td><td>Cough</td><td>Yskä</td><td>Hosta</td></tr><tr><td>3</td><td>Urinary tract infection or symptom (women aged 18–65)</td><td>Virtsatietulehdus tai -oire (18–65v. naiset)</td><td>Urinvägsinfektion- eller symtom (kvinnor 18–65 år)</td></tr><tr><td>4</td><td>Earache or ear plugging</td><td>Korvan kipu tai lukkoisuus</td><td>Ont i öronen eller lock för örat</td></tr><tr><td>5</td><td>Sore throat or throat symptom</td><td>Kurkkukipu tai nieluoire</td><td>Halsont eller svalgsymtom</td></tr><tr><td>6</td><td>Diarrhoea</td><td>Ripuli</td><td>Diarré</td></tr><tr><td>7</td><td>Lower back pain or injury</td><td>Alaselkäkipu tai -vamma</td><td>Ländryggssmärta eller -skada</td></tr><tr><td>8</td><td>Heartburn</td><td>Närästys</td><td>Halsbränna</td></tr><tr><td>9</td><td>Shoulder pain, stiffness or injury</td><td>Olkapään kipu, jäykkyys tai vamma</td><td>Smärta, stelhet eller skada i skuldran</td></tr><tr><td>10</td><td>Headache</td><td>Päänsärky</td><td>Huvudvärk</td></tr><tr><td>11</td><td>Anal region symptom</td><td>Peräaukon seudun oire</td><td>Symtom vid ändtarmsöppningen</td></tr><tr><td>12</td><td>Knee symptom or injury</td><td>Polven oire tai vamma</td><td>Symtom eller skada i knät</td></tr><tr><td>13</td><td>Eye symptom</td><td>Silmän oire</td><td>Symtom i öga</td></tr><tr><td>14</td><td>Sexually transmitted disease symptom</td><td>Sukupuolitaudin oire</td><td>Symtom på könssjukdom</td></tr><tr><td>15</td><td>Health check-up</td><td>Terveystarkastus</td><td>Hälsokontroll</td></tr><tr><td>16</td><td>Personal assistance</td><td>Henkilökohtainen apu</td><td>Personlig assistans</td></tr><tr><td>17</td><td>Moving outside the home</td><td>Liikkuminen kodin ulkopuolella</td><td>Mobilitet utanför hemmet</td></tr><tr><td>18</td><td>Well-being of an immigrant</td><td>Maahanmuuttajan hyvinvointi</td><td>Invandrarens välbefinnande</td></tr><tr><td>19</td><td>Informal care support</td><td>Omaishoidon tuki</td><td>Stöd för närståendevård</td></tr><tr><td>20</td><td>Check-up of an informal carer</td><td>Läheishoitajan tarkastus</td><td>Kontroll för anhörig omsorgsgivare</td></tr><tr><td>21</td><td>Health check-up of a fifth-grader, parents (removed)</td><td>Viitosluokkalaisen terveystarkastus, vanhemmat (poistettu)</td><td>Hälsokontroll för femteklassist, föräldrar (borttagen)</td></tr><tr><td>22</td><td>Health check-up of a fifth-grader, child (removed)</td><td>Viitosluokkalaisen terveystarkastus, lapsi (poistettu)</td><td>Hälsokontroll för femteklassist, barn (borttagen)</td></tr><tr><td>23</td><td>General well-being survey (WHOQOL-BREF)</td><td>Yleinen hyvinvointikysely (WHOQOL-BREF)</td><td>Allmän välfärdsenkät (WHOQOL-BREF)</td></tr><tr><td>24</td><td>Life-situation survey (3X10D)</td><td>Elämäntilannekysely (3X10D)</td><td>Enkät om livssituation (3X10D)</td></tr><tr><td>25</td><td>Preliminary information for student health care</td><td>Opiskeluterveydenhuollon esitiedot</td><td>Förhandsuppgifter för studerandehälsovården</td></tr><tr><td>26</td><td>Oral health status, children and young persons</td><td>Suun terveydentila, lapset ja nuoret</td><td>Munhälsa, barn och unga</td></tr><tr><td>27</td><td>Family carer ability to cope</td><td>Omaishoitajan jaksaminen</td><td>Närståendevårdarens ork</td></tr><tr><td>28</td><td>Extensive health check-up of a one-and-a-half-year-old</td><td>Puolitoistavuotiaan laaja terveystarkastus</td><td>Omfattande hälsokontroll för barn, 18 månader</td></tr><tr><td>29</td><td>Occupational health check-up of a night worker</td><td>Yötyötä tekevän työterveystarkastus</td><td>Hälsokontroll för nattarbetande</td></tr><tr><td>30</td><td>High blood pressure</td><td>Kohonnut verenpaine</td><td>Hypertoni</td></tr><tr><td>31</td><td>Health check-up of an upper comprehensive school pupil, parents (removed)</td><td>Yläkoululaisen terveystarkastus, vanhemmat (poistettu)</td><td>Hälsokontroll för högstadieelev, föräldrar (borttagen)</td></tr><tr><td>32</td><td>Health check-up of a fifth-grader, parents</td><td>Viitosluokkalaisen terveystarkastus, vanhemmat</td><td>Hälsokontroll för femteklassist, föräldrar</td></tr><tr><td>33</td><td>Teeth or mouth symptom or injury</td><td>Hampaiden tai suun oire tai vamma</td><td>Symtom eller skada i tänder eller mun</td></tr><tr><td>34</td><td>Oral health status, adults</td><td>Suun terveydentila, aikuiset</td><td>Munhälsa, vuxna</td></tr><tr><td>35</td><td>Preliminary information for the maternity clinic</td><td>Äitiysneuvolan esitiedot</td><td>Förhandsuppgifter till mödrarådgivningen</td></tr><tr><td>36</td><td>Well-being check-up</td><td>Hyvinvointitarkastus</td><td>Välfärdsenkät</td></tr><tr><td>37</td><td>Plan</td><td>Suunnitelma</td><td>Plan</td></tr><tr><td>38</td><td>Exercise programme for walkers and runners</td><td>Liikuntaohjelma askeltajille</td><td>Stegprogrammet</td></tr><tr><td>39</td><td>Medical certificate, request</td><td>Lääkärintodistus, pyyntö</td><td>Läkarintyg, begäran</td></tr><tr><td>40</td><td>Diabetes, risk test</td><td>Diabetes, riskitesti</td><td>Diabetes, risktest</td></tr><tr><td>41</td><td>General symptom assessment</td><td>Yleinen oirearvio</td><td>Allmän symtombedömning</td></tr><tr><td>42</td><td>Weight management</td><td>Painonhallinta</td><td>Viktkontroll</td></tr><tr><td>43</td><td>Coaching programme for quitting smoking</td><td>Tupakoinnin lopettamisen valmennusohjelma</td><td>Coachningsprogram för att sluta röka</td></tr><tr><td>44</td><td>Healthy nutrition coaching programme</td><td>Terveellinen ravinto -valmennusohjelma</td><td>Coachningsprogrammet Hälsosam näring</td></tr><tr><td>45</td><td>Sleep coaching</td><td>Univalmennus</td><td>Sömncoachning</td></tr><tr><td>46</td><td>Open service request</td><td>Avoin palvelupyyntö</td><td>Öppen servicebegäran</td></tr><tr><td>47</td><td>Gestational diabetes follow-up</td><td>Raskausdiabeteksen jälkiseuranta</td><td>Uppföljning av graviditetsdiabetes</td></tr><tr><td>48</td><td>Coronavirus disease</td><td>Koronavirustauti</td><td>Coronavirusinfektion</td></tr></table></div>
  </text>
  <url value="http://phr.kanta.fi/CodeSystem/fiphr-cs-careplancategory"/>
  <version value="0.4.0"/>
  <name value="fiphr-cs-careplancategory"/>
  <title value="Finnish PHR CarePlan Category code system"/>
  <status value="active"/>
  <experimental value="false"/>
  <date value="2020-06-05"/>
  <publisher value="HL7 Finland"/>
  <contact>
    <name value="HL7 Finland"/>
    <telecom>
      <system value="url"/>
      <value value="https://www.hl7.fi/"/>
    </telecom>
  </contact>
  <description value="Indicates the plan category."/>
  <jurisdiction>
    <coding>
      <system value="urn:iso:std:iso:3166"/>
      <code value="FI"/>
      <display value="Finland"/>
    </coding>
  </jurisdiction>
  <caseSensitive value="true"/>
  <content value="complete"/>
  <concept>
    <code value="1"/>
    <display value="Hengitystietulehdus tai -oire"/>
    <designation>
      <language value="fi"/>
      <value value="Hengitystietulehdus tai -oire"/>
    </designation>
    <designation>
      <language value="sv"/>
      <value value="Luftvägsinfektion eller -symtom"/>
    </designation>
    <designation>
      <language value="en"/>
      <value value="Respiratory infection or symptom"/>
    </designation>
  </concept>
  <concept>
    <code value="2"/>
    <display value="Yskä"/>
    <designation>
      <language value="fi"/>
      <value value="Yskä"/>
    </designation>
    <designation>
      <language value="sv"/>
      <value value="Hosta"/>
    </designation>
    <designation>
      <language value="en"/>
      <value value="Cough"/>
    </designation>
  </concept>
  <concept>
    <code value="3"/>
    <display value="Virtsatietulehdus tai -oire (18–65v. naiset)"/>
    <designation>
      <language value="fi"/>
      <value value="Virtsatietulehdus tai -oire (18–65v. naiset)"/>
    </designation>
    <designation>
      <language value="sv"/>
      <value value="Urinvägsinfektion- eller symtom (kvinnor 18–65 år)"/>
    </designation>
    <designation>
      <language value="en"/>
      <value value="Urinary tract infection or symptom (women aged 18–65)"/>
    </designation>
  </concept>
  <concept>
    <code value="4"/>
    <display value="Korvan kipu tai lukkoisuus"/>
    <designation>
      <language value="fi"/>
      <value value="Korvan kipu tai lukkoisuus"/>
    </designation>
    <designation>
      <language value="sv"/>
      <value value="Ont i öronen eller lock för örat"/>
    </designation>
    <designation>
      <language value="en"/>
      <value value="Earache or ear plugging"/>
    </designation>
  </concept>
  <concept>
    <code value="5"/>
    <display value="Kurkkukipu tai nieluoire"/>
    <designation>
      <language value="fi"/>
      <value value="Kurkkukipu tai nieluoire"/>
    </designation>
    <designation>
      <language value="sv"/>
      <value value="Halsont eller svalgsymtom"/>
    </designation>
    <designation>
      <language value="en"/>
      <value value="Sore throat or throat symptom"/>
    </designation>
  </concept>
  <concept>
    <code value="6"/>
    <display value="Ripuli"/>
    <designation>
      <language value="fi"/>
      <value value="Ripuli"/>
    </designation>
    <designation>
      <language value="sv"/>
      <value value="Diarré"/>
    </designation>
    <designation>
      <language value="en"/>
      <value value="Diarrhoea"/>
    </designation>
  </concept>
  <concept>
    <code value="7"/>
    <display value="Alaselkäkipu tai -vamma"/>
    <designation>
      <language value="fi"/>
      <value value="Alaselkäkipu tai -vamma"/>
    </designation>
    <designation>
      <language value="sv"/>
      <value value="Ländryggssmärta eller -skada"/>
    </designation>
    <designation>
      <language value="en"/>
      <value value="Lower back pain or injury"/>
    </designation>
  </concept>
  <concept>
    <code value="8"/>
    <display value="Närästys"/>
    <designation>
      <language value="fi"/>
      <value value="Närästys"/>
    </designation>
    <designation>
      <language value="sv"/>
      <value value="Halsbränna"/>
    </designation>
    <designation>
      <language value="en"/>
      <value value="Heartburn"/>
    </designation>
  </concept>
  <concept>
    <code value="9"/>
    <display value="Olkapään kipu, jäykkyys tai vamma"/>
    <designation>
      <language value="fi"/>
      <value value="Olkapään kipu, jäykkyys tai vamma"/>
    </designation>
    <designation>
      <language value="sv"/>
      <value value="Smärta, stelhet eller skada i skuldran"/>
    </designation>
    <designation>
      <language value="en"/>
      <value value="Shoulder pain, stiffness or injury"/>
    </designation>
  </concept>
  <concept>
    <code value="10"/>
    <display value="Päänsärky"/>
    <designation>
      <language value="fi"/>
      <value value="Päänsärky"/>
    </designation>
    <designation>
      <language value="sv"/>
      <value value="Huvudvärk"/>
    </designation>
    <designation>
      <language value="en"/>
      <value value="Headache"/>
    </designation>
  </concept>
  <concept>
    <code value="11"/>
    <display value="Peräaukon seudun oire"/>
    <designation>
      <language value="fi"/>
      <value value="Peräaukon seudun oire"/>
    </designation>
    <designation>
      <language value="sv"/>
      <value value="Symtom vid ändtarmsöppningen"/>
    </designation>
    <designation>
      <language value="en"/>
      <value value="Anal region symptom"/>
    </designation>
  </concept>
  <concept>
    <code value="12"/>
    <display value="Polven oire tai vamma"/>
    <designation>
      <language value="fi"/>
      <value value="Polven oire tai vamma"/>
    </designation>
    <designation>
      <language value="sv"/>
      <value value="Symtom eller skada i knät"/>
    </designation>
    <designation>
      <language value="en"/>
      <value value="Knee symptom or injury"/>
    </designation>
  </concept>
  <concept>
    <code value="13"/>
    <display value="Silmän oire"/>
    <designation>
      <language value="fi"/>
      <value value="Silmän oire"/>
    </designation>
    <designation>
      <language value="sv"/>
      <value value="Symtom i öga"/>
    </designation>
    <designation>
      <language value="en"/>
      <value value="Eye symptom"/>
    </designation>
  </concept>
  <concept>
    <code value="14"/>
    <display value="Sukupuolitaudin oire"/>
    <designation>
      <language value="fi"/>
      <value value="Sukupuolitaudin oire"/>
    </designation>
    <designation>
      <language value="sv"/>
      <value value="Symtom på könssjukdom"/>
    </designation>
    <designation>
      <language value="en"/>
      <value value="Sexually transmitted disease symptom"/>
    </designation>
  </concept>
  <concept>
    <code value="15"/>
    <display value="Terveystarkastus"/>
    <designation>
      <language value="fi"/>
      <value value="Terveystarkastus"/>
    </designation>
    <designation>
      <language value="sv"/>
      <value value="Hälsokontroll"/>
    </designation>
    <designation>
      <language value="en"/>
      <value value="Health check-up"/>
    </designation>
  </concept>
  <concept>
    <code value="16"/>
    <display value="Henkilökohtainen apu"/>
    <designation>
      <language value="fi"/>
      <value value="Henkilökohtainen apu"/>
    </designation>
    <designation>
      <language value="sv"/>
      <value value="Personlig assistans"/>
    </designation>
    <designation>
      <language value="en"/>
      <value value="Personal assistance"/>
    </designation>
  </concept>
  <concept>
    <code value="17"/>
    <display value="Liikkuminen kodin ulkopuolella"/>
    <designation>
      <language value="fi"/>
      <value value="Liikkuminen kodin ulkopuolella"/>
    </designation>
    <designation>
      <language value="sv"/>
      <value value="Mobilitet utanför hemmet"/>
    </designation>
    <designation>
      <language value="en"/>
      <value value="Moving outside the home"/>
    </designation>
  </concept>
  <concept>
    <code value="18"/>
    <display value="Maahanmuuttajan hyvinvointi"/>
    <designation>
      <language value="fi"/>
      <value value="Maahanmuuttajan hyvinvointi"/>
    </designation>
    <designation>
      <language value="sv"/>
      <value value="Invandrarens välbefinnande"/>
    </designation>
    <designation>
      <language value="en"/>
      <value value="Well-being of an immigrant"/>
    </designation>
  </concept>
  <concept>
    <code value="19"/>
    <display value="Omaishoidon tuki"/>
    <designation>
      <language value="fi"/>
      <value value="Omaishoidon tuki"/>
    </designation>
    <designation>
      <language value="sv"/>
      <value value="Stöd för närståendevård"/>
    </designation>
    <designation>
      <language value="en"/>
      <value value="Informal care support"/>
    </designation>
  </concept>
  <concept>
    <code value="20"/>
    <display value="Läheishoitajan tarkastus"/>
    <designation>
      <language value="fi"/>
      <value value="Läheishoitajan tarkastus"/>
    </designation>
    <designation>
      <language value="sv"/>
      <value value="Kontroll för anhörig omsorgsgivare"/>
    </designation>
    <designation>
      <language value="en"/>
      <value value="Check-up of an informal carer"/>
    </designation>
  </concept>
  <concept>
    <code value="21"/>
    <display value="Viitosluokkalaisen terveystarkastus, vanhemmat (poistettu)"/>
    <designation>
      <language value="fi"/>
      <value value="Viitosluokkalaisen terveystarkastus, vanhemmat (poistettu)"/>
    </designation>
    <designation>
      <language value="sv"/>
      <value value="Hälsokontroll för femteklassist, föräldrar (borttagen)"/>
    </designation>
    <designation>
      <language value="en"/>
      <value value="Health check-up of a fifth-grader, parents (removed)"/>
    </designation>
  </concept>
  <concept>
    <code value="22"/>
    <display value="Viitosluokkalaisen terveystarkastus, lapsi (poistettu)"/>
    <designation>
      <language value="fi"/>
      <value value="Viitosluokkalaisen terveystarkastus, lapsi (poistettu)"/>
    </designation>
    <designation>
      <language value="sv"/>
      <value value="Hälsokontroll för femteklassist, barn (borttagen)"/>
    </designation>
    <designation>
      <language value="en"/>
      <value value="Health check-up of a fifth-grader, child (removed)"/>
    </designation>
  </concept>
  <concept>
    <code value="23"/>
    <display value="Yleinen hyvinvointikysely (WHOQOL-BREF)"/>
    <designation>
      <language value="fi"/>
      <value value="Yleinen hyvinvointikysely (WHOQOL-BREF)"/>
    </designation>
    <designation>
      <language value="sv"/>
      <value value="Allmän välfärdsenkät (WHOQOL-BREF)"/>
    </designation>
    <designation>
      <language value="en"/>
      <value value="General well-being survey (WHOQOL-BREF)"/>
    </designation>
  </concept>
  <concept>
    <code value="24"/>
    <display value="Elämäntilannekysely (3X10D)"/>
    <designation>
      <language value="fi"/>
      <value value="Elämäntilannekysely (3X10D)"/>
    </designation>
    <designation>
      <language value="sv"/>
      <value value="Enkät om livssituation (3X10D)"/>
    </designation>
    <designation>
      <language value="en"/>
      <value value="Life-situation survey (3X10D)"/>
    </designation>
  </concept>
  <concept>
    <code value="25"/>
    <display value="Opiskeluterveydenhuollon esitiedot"/>
    <designation>
      <language value="fi"/>
      <value value="Opiskeluterveydenhuollon esitiedot"/>
    </designation>
    <designation>
      <language value="sv"/>
      <value value="Förhandsuppgifter för studerandehälsovården"/>
    </designation>
    <designation>
      <language value="en"/>
      <value value="Preliminary information for student health care"/>
    </designation>
  </concept>
  <concept>
    <code value="26"/>
    <display value="Suun terveydentila, lapset ja nuoret"/>
    <designation>
      <language value="fi"/>
      <value value="Suun terveydentila, lapset ja nuoret"/>
    </designation>
    <designation>
      <language value="sv"/>
      <value value="Munhälsa, barn och unga"/>
    </designation>
    <designation>
      <language value="en"/>
      <value value="Oral health status, children and young persons"/>
    </designation>
  </concept>
  <concept>
    <code value="27"/>
    <display value="Omaishoitajan jaksaminen"/>
    <designation>
      <language value="fi"/>
      <value value="Omaishoitajan jaksaminen"/>
    </designation>
    <designation>
      <language value="sv"/>
      <value value="Närståendevårdarens ork"/>
    </designation>
    <designation>
      <language value="en"/>
      <value value="Family carer ability to cope"/>
    </designation>
  </concept>
  <concept>
    <code value="28"/>
    <display value="Puolitoistavuotiaan laaja terveystarkastus"/>
    <designation>
      <language value="fi"/>
      <value value="Puolitoistavuotiaan laaja terveystarkastus"/>
    </designation>
    <designation>
      <language value="sv"/>
      <value value="Omfattande hälsokontroll för barn, 18 månader"/>
    </designation>
    <designation>
      <language value="en"/>
      <value value="Extensive health check-up of a one-and-a-half-year-old"/>
    </designation>
  </concept>
  <concept>
    <code value="29"/>
    <display value="Yötyötä tekevän työterveystarkastus"/>
    <designation>
      <language value="fi"/>
      <value value="Yötyötä tekevän työterveystarkastus"/>
    </designation>
    <designation>
      <language value="sv"/>
      <value value="Hälsokontroll för nattarbetande"/>
    </designation>
    <designation>
      <language value="en"/>
      <value value="Occupational health check-up of a night worker"/>
    </designation>
  </concept>
  <concept>
    <code value="30"/>
    <display value="Kohonnut verenpaine"/>
    <designation>
      <language value="fi"/>
      <value value="Kohonnut verenpaine"/>
    </designation>
    <designation>
      <language value="sv"/>
      <value value="Hypertoni"/>
    </designation>
    <designation>
      <language value="en"/>
      <value value="High blood pressure"/>
    </designation>
  </concept>
  <concept>
    <code value="31"/>
    <display value="Yläkoululaisen terveystarkastus, vanhemmat (poistettu)"/>
    <designation>
      <language value="fi"/>
      <value value="Yläkoululaisen terveystarkastus, vanhemmat (poistettu)"/>
    </designation>
    <designation>
      <language value="sv"/>
      <value value="Hälsokontroll för högstadieelev, föräldrar (borttagen)"/>
    </designation>
    <designation>
      <language value="en"/>
      <value value="Health check-up of an upper comprehensive school pupil, parents (removed)"/>
    </designation>
  </concept>
  <concept>
    <code value="32"/>
    <display value="Viitosluokkalaisen terveystarkastus, vanhemmat"/>
    <designation>
      <language value="fi"/>
      <value value="Viitosluokkalaisen terveystarkastus, vanhemmat"/>
    </designation>
    <designation>
      <language value="sv"/>
      <value value="Hälsokontroll för femteklassist, föräldrar"/>
    </designation>
    <designation>
      <language value="en"/>
      <value value="Health check-up of a fifth-grader, parents"/>
    </designation>
  </concept>
  <concept>
    <code value="33"/>
    <display value="Hampaiden tai suun oire tai vamma"/>
    <designation>
      <language value="fi"/>
      <value value="Hampaiden tai suun oire tai vamma"/>
    </designation>
    <designation>
      <language value="sv"/>
      <value value="Symtom eller skada i tänder eller mun"/>
    </designation>
    <designation>
      <language value="en"/>
      <value value="Teeth or mouth symptom or injury"/>
    </designation>
  </concept>
  <concept>
    <code value="34"/>
    <display value="Suun terveydentila, aikuiset"/>
    <designation>
      <language value="fi"/>
      <value value="Suun terveydentila, aikuiset"/>
    </designation>
    <designation>
      <language value="sv"/>
      <value value="Munhälsa, vuxna"/>
    </designation>
    <designation>
      <language value="en"/>
      <value value="Oral health status, adults"/>
    </designation>
  </concept>
  <concept>
    <code value="35"/>
    <display value="Äitiysneuvolan esitiedot"/>
    <designation>
      <language value="fi"/>
      <value value="Äitiysneuvolan esitiedot"/>
    </designation>
    <designation>
      <language value="sv"/>
      <value value="Förhandsuppgifter till mödrarådgivningen"/>
    </designation>
    <designation>
      <language value="en"/>
      <value value="Preliminary information for the maternity clinic"/>
    </designation>
  </concept>
  <concept>
    <code value="36"/>
    <display value="Hyvinvointitarkastus"/>
    <designation>
      <language value="fi"/>
      <value value="Hyvinvointitarkastus"/>
    </designation>
    <designation>
      <language value="sv"/>
      <value value="Välfärdsenkät"/>
    </designation>
    <designation>
      <language value="en"/>
      <value value="Well-being check-up"/>
    </designation>
  </concept>
  <concept>
    <code value="37"/>
    <display value="Suunnitelma"/>
    <designation>
      <language value="fi"/>
      <value value="Suunnitelma"/>
    </designation>
    <designation>
      <language value="sv"/>
      <value value="Plan"/>
    </designation>
    <designation>
      <language value="en"/>
      <value value="Plan"/>
    </designation>
  </concept>
  <concept>
    <code value="38"/>
    <display value="Liikuntaohjelma askeltajille"/>
    <designation>
      <language value="fi"/>
      <value value="Liikuntaohjelma askeltajille"/>
    </designation>
    <designation>
      <language value="sv"/>
      <value value="Stegprogrammet"/>
    </designation>
    <designation>
      <language value="en"/>
      <value value="Exercise programme for walkers and runners"/>
    </designation>
  </concept>
  <concept>
    <code value="39"/>
    <display value="Lääkärintodistus, pyyntö"/>
    <designation>
      <language value="fi"/>
      <value value="Lääkärintodistus, pyyntö"/>
    </designation>
    <designation>
      <language value="sv"/>
      <value value="Läkarintyg, begäran"/>
    </designation>
    <designation>
      <language value="en"/>
      <value value="Medical certificate, request"/>
    </designation>
  </concept>
  <concept>
    <code value="40"/>
    <display value="Diabetes, riskitesti"/>
    <designation>
      <language value="fi"/>
      <value value="Diabetes, riskitesti"/>
    </designation>
    <designation>
      <language value="sv"/>
      <value value="Diabetes, risktest"/>
    </designation>
    <designation>
      <language value="en"/>
      <value value="Diabetes, risk test"/>
    </designation>
  </concept>
  <concept>
    <code value="41"/>
    <display value="Yleinen oirearvio"/>
    <designation>
      <language value="fi"/>
      <value value="Yleinen oirearvio"/>
    </designation>
    <designation>
      <language value="sv"/>
      <value value="Allmän symtombedömning"/>
    </designation>
    <designation>
      <language value="en"/>
      <value value="General symptom assessment"/>
    </designation>
  </concept>
  <concept>
    <code value="42"/>
    <display value="Painonhallinta"/>
    <designation>
      <language value="fi"/>
      <value value="Painonhallinta"/>
    </designation>
    <designation>
      <language value="sv"/>
      <value value="Viktkontroll"/>
    </designation>
    <designation>
      <language value="en"/>
      <value value="Weight management"/>
    </designation>
  </concept>
  <concept>
    <code value="43"/>
    <display value="Tupakoinnin lopettamisen valmennusohjelma"/>
    <designation>
      <language value="fi"/>
      <value value="Tupakoinnin lopettamisen valmennusohjelma"/>
    </designation>
    <designation>
      <language value="sv"/>
      <value value="Coachningsprogram för att sluta röka"/>
    </designation>
    <designation>
      <language value="en"/>
      <value value="Coaching programme for quitting smoking"/>
    </designation>
  </concept>
  <concept>
    <code value="44"/>
    <display value="Terveellinen ravinto -valmennusohjelma"/>
    <designation>
      <language value="fi"/>
      <value value="Terveellinen ravinto -valmennusohjelma"/>
    </designation>
    <designation>
      <language value="sv"/>
      <value value="Coachningsprogrammet Hälsosam näring"/>
    </designation>
    <designation>
      <language value="en"/>
      <value value="Healthy nutrition coaching programme"/>
    </designation>
  </concept>
  <concept>
    <code value="45"/>
    <display value="Univalmennus"/>
    <designation>
      <language value="fi"/>
      <value value="Univalmennus"/>
    </designation>
    <designation>
      <language value="sv"/>
      <value value="Sömncoachning"/>
    </designation>
    <designation>
      <language value="en"/>
      <value value="Sleep coaching"/>
    </designation>
  </concept>
  <concept>
    <code value="46"/>
    <display value="Avoin palvelupyyntö"/>
    <designation>
      <language value="fi"/>
      <value value="Avoin palvelupyyntö"/>
    </designation>
    <designation>
      <language value="sv"/>
      <value value="Öppen servicebegäran"/>
    </designation>
    <designation>
      <language value="en"/>
      <value value="Open service request"/>
    </designation>
  </concept>
  <concept>
    <code value="47"/>
    <display value="Raskausdiabeteksen jälkiseuranta"/>
    <designation>
      <language value="fi"/>
      <value value="Raskausdiabeteksen jälkiseuranta"/>
    </designation>
    <designation>
      <language value="sv"/>
      <value value="Uppföljning av graviditetsdiabetes"/>
    </designation>
    <designation>
      <language value="en"/>
      <value value="Gestational diabetes follow-up"/>
    </designation>
  </concept>
  <concept>
    <code value="48"/>
    <display value="Koronavirustauti"/>
    <designation>
      <language value="fi"/>
      <value value="Koronavirustauti"/>
    </designation>
    <designation>
      <language value="sv"/>
      <value value="Coronavirusinfektion"/>
    </designation>
    <designation>
      <language value="en"/>
      <value value="Coronavirus disease"/>
    </designation>
  </concept>
</CodeSystem>