{
  "resourceType" : "Organization",
  "id" : "1.2.246.10.31045308.10002.0",
  "text" : {
    "status" : "generated",
    "div" : "<div xmlns=\"http://www.w3.org/1999/xhtml\"><p><b>Generated Narrative: Organization</b><a name=\"1.2.246.10.31045308.10002.0\"> </a></p><div style=\"display: inline-block; background-color: #d9e0e7; padding: 6px; margin: 4px; border: 1px solid #8da1b4; border-radius: 5px; line-height: 60%\"><p style=\"margin-bottom: 0px\">Resource Organization &quot;1.2.246.10.31045308.10002.0&quot; </p></div><p><b>identifier</b>: id:\u00a01.2.246.10.31045308.10002.0\u00a0(use:\u00a0OFFICIAL)</p><p><b>active</b>: true</p><p><b>type</b>: Government <span style=\"background: LightGoldenRodYellow; margin: 4px; border: 1px solid khaki\"> (<a href=\"http://terminology.hl7.org/5.0.0/CodeSystem-organization-type.html\">Organization type</a>#govt)</span></p><p><b>name</b>: Esko-Testi pp HVA</p><p><b>telecom</b>: ph: 0404040404</p><p><b>address</b>: </p><ul><li>Sairaalarinne 1 Oulu 90100 </li><li>Sairaalarinne 1 Oulu 90100 </li></ul></div>"
  },
  "identifier" : [{
    "use" : "official",
    "system" : "urn:oid:1.2.246.537.6.202.2008",
    "value" : "1.2.246.10.31045308.10002.0"
  }],
  "active" : true,
  "type" : [{
    "coding" : [{
      "system" : "http://terminology.hl7.org/CodeSystem/organization-type",
      "code" : "govt"
    }]
  }],
  "name" : "Esko-Testi pp HVA",
  "telecom" : [{
    "system" : "phone",
    "value" : "0404040404"
  }],
  "address" : [{
    "type" : "postal",
    "line" : ["Sairaalarinne 1"],
    "city" : "Oulu",
    "postalCode" : "90100"
  },
  {
    "type" : "physical",
    "line" : ["Sairaalarinne 1"],
    "city" : "Oulu",
    "postalCode" : "90100"
  }]
}