{
  "resourceType" : "Encounter",
  "id" : "id-for-child-encounter-2",
  "meta" : {
    "profile" : ["https://hl7.fi/fhir/finnish-base-profiles/StructureDefinition/fi-base-encounter"]
  },
  "text" : {
    "status" : "generated",
    "div" : "<div xmlns=\"http://www.w3.org/1999/xhtml\"><p><b>Generated Narrative: Encounter</b><a name=\"id-for-child-encounter-2\"> </a></p><div style=\"display: inline-block; background-color: #d9e0e7; padding: 6px; margin: 4px; border: 1px solid #8da1b4; border-radius: 5px; line-height: 60%\"><p style=\"margin-bottom: 0px\">Resource Encounter &quot;id-for-child-encounter-2&quot; </p><p style=\"margin-bottom: 0px\">Profile: <a href=\"StructureDefinition-fi-base-encounter.html\">FI Base Encounter</a></p></div><p><b>status</b>: finished</p><p><b>class</b>: observation encounter (Details: http://terminology.hl7.org/CodeSystem/v3-ActCode code OBSENC = 'observation encounter', stated as 'observation encounter')</p><p><b>subject</b>: <a href=\"Patient-patient-of-municipality.html\">Patient/patient-of-municipality</a> &quot; HENKILÖ&quot;</p><p><b>period</b>: 2022-02-28 12:03:00+0200 --&gt; 2022-02-28 12:18:00+0200</p><p><b>serviceProvider</b>: <span/></p><p><b>partOf</b>: <a href=\"Encounter-id-for-palvelutapahtuma.html\">Encounter/id-for-palvelutapahtuma</a></p></div>"
  },
  "status" : "finished",
  "class" : {
    "system" : "http://terminology.hl7.org/CodeSystem/v3-ActCode",
    "code" : "OBSENC",
    "display" : "observation encounter"
  },
  "subject" : {
    "reference" : "Patient/patient-of-municipality"
  },
  "period" : {
    "start" : "2022-02-28T12:03:00+02:00",
    "end" : "2022-02-28T12:18:00+02:00"
  },
  "serviceProvider" : {
    "type" : "ServiceProvider",
    "identifier" : {
      "value" : "1.2.246.10.8286189.10.100014"
    }
  },
  "partOf" : {
    "reference" : "Encounter/id-for-palvelutapahtuma"
  }
}