{
  "resourceType" : "Bundle",
  "id" : "14134111-0e0d-4f0b-85bf-4de720a45838",
  "meta" : {
    "lastUpdated" : "2023-07-13T01:16:08.104+03:00"
  },
  "type" : "collection",
  "entry" : [{
    "fullUrl" : "https://hl7.fi/fhir/finnish-base-profiles/ValueSet/SecurityLabelVS",
    "resource" : {
      "resourceType" : "ValueSet",
      "text" : {
        "status" : "generated",
        "div" : "<div xmlns=\"http://www.w3.org/1999/xhtml\"><p>This value set contains 1 concepts</p><p style=\"border: black 1px dotted; background-color: #EEEEEE; padding: 8px; margin-bottom: 8px\">Expansion based on <a href=\"CodeSystem-SecurityLabelCS.html\">Finnish CodeSystem for security labels v1.0.0-rc18 (CodeSystem)</a></p><table class=\"codes\"><tr><td style=\"white-space:nowrap\"><b>Code</b></td><td><b>System</b></td><td><b>Display</b></td><td><b>Definition</b></td></tr><tr><td style=\"white-space:nowrap\"><a name=\"https---hl7.fi-fhir-finnish-base-profiles-CodeSystem-SecurityLabelCS-TURVAKIELTO\"> </a>\u00a0\u00a0<a href=\"CodeSystem-SecurityLabelCS.html#SecurityLabelCS-TURVAKIELTO\">TURVAKIELTO</a></td><td>https://hl7.fi/fhir/finnish-base-profiles/CodeSystem/SecurityLabelCS</td><td>Turvakielto</td><td><div><p>A non-disclosure for personal safety reasons according to DVV.</p>\n</div></td></tr></table></div>"
      },
      "url" : "https://hl7.fi/fhir/finnish-base-profiles/ValueSet/SecurityLabelVS",
      "version" : "1.0.0-rc18",
      "name" : "SecurityLabelVS",
      "title" : "Finnish ValueSet for security labels in accordance with finnish authorities",
      "status" : "active",
      "experimental" : false,
      "date" : "2023-07-13T01:16:08+03:00",
      "jurisdiction" : [{
        "coding" : [{
          "system" : "urn:iso:std:iso:3166",
          "code" : "FI",
          "display" : "Finland"
        }]
      }],
      "expansion" : {
        "identifier" : "urn:uuid:957c8d37-ff92-4d64-bbce-225eaff53128",
        "timestamp" : "2023-07-13T01:17:31+03:00",
        "total" : 1,
        "parameter" : [{
          "name" : "excludeNested",
          "valueBoolean" : false
        },
        {
          "name" : "version",
          "valueUri" : "https://hl7.fi/fhir/finnish-base-profiles/CodeSystem/SecurityLabelCS|1.0.0-rc18"
        }],
        "contains" : [{
          "system" : "https://hl7.fi/fhir/finnish-base-profiles/CodeSystem/SecurityLabelCS",
          "code" : "TURVAKIELTO",
          "display" : "Turvakielto"
        }]
      }
    }
  }]
}