<?xml version="1.0" encoding="UTF-8"?>

<CodeSystem xmlns="http://hl7.org/fhir">
  <id value="fiphr-cs-moderatetovigorouspa"/>
  <text>
    <status value="generated"/><div xmlns="http://www.w3.org/1999/xhtml"><p>This code system <code>http://phr.kanta.fi/fiphr-cs-moderatetovigorouspa</code> defines the following codes:</p><table class="codes"><tr><td style="white-space:nowrap"><b>Code</b></td><td><b>Display</b></td><td><b>Definition</b></td></tr><tr><td style="white-space:nowrap">82290-8-24h<a name="fiphr-cs-moderatetovigorouspa-82290-8-24h"> </a></td><td>Daily Moderate to Vigorous Physical Activity in minutes</td><td>Daily PA minutes with MET &gt; 2.9</td></tr></table><p><b>Additional Language Displays</b></p><table class="codes"><tr><td><b>Code</b></td><td><b>English (English, en)</b></td><td><b>Finnish (fi)</b></td><td><b>Swedish (sv)</b></td></tr><tr><td>82290-8-24h</td><td>Daily moderate to vigorous physical activity, min</td><td>Päivittäinen kohtuullisen ja raskaan liikunnan määrä minuutteina</td><td>Måttlig eller hård aktivitet per dag, minuter</td></tr></table></div>
  </text>
  <url value="http://phr.kanta.fi/fiphr-cs-moderatetovigorouspa"/>
  <version value="0.2.0"/>
  <name value="fiphr-cs-moderatetovigorouspa"/>
  <title value="Code System Finnish PHR Moderate to Vigorous Physical Activity Fitness Observation Code"/>
  <status value="active"/>
  <experimental value="false"/>
  <date value="2018-12-19T10:49:00+02:00"/>
  <publisher value="HL7 Finland"/>
  <contact>
    <name value="HL7 Finland"/>
    <telecom>
      <system value="url"/>
      <value value="https://www.hl7.fi/"/>
    </telecom>
  </contact>
  <description value="Finnish PHR Fitness Codesystem, that defines the code used for daily minutes of moderate to vigorous physical activity. Will be replaced with LOINC system code when available."/>
  <jurisdiction>
    <coding>
      <system value="urn:iso:std:iso:3166"/>
      <code value="FI"/>
      <display value="Finland"/>
    </coding>
  </jurisdiction>
  <caseSensitive value="true"/>
  <content value="complete"/>
  <concept>
    <code value="82290-8-24h"/>
    <display value="Daily Moderate to Vigorous Physical Activity in minutes"/>
    <definition value="Daily PA minutes with MET &gt; 2.9"/>
    <designation>
      <language value="fi"/>
      <value value="Päivittäinen kohtuullisen ja raskaan liikunnan määrä minuutteina"/>
    </designation>
    <designation>
      <language value="sv"/>
      <value value="Måttlig eller hård aktivitet per dag, minuter"/>
    </designation>
    <designation>
      <language value="en"/>
      <value value="Daily moderate to vigorous physical activity, min"/>
    </designation>
  </concept>
</CodeSystem>