<?xml version="1.0" encoding="UTF-8"?><CodeSystem xmlns="http://hl7.org/fhir"><id value="fi-base-security-label-cs"/><text><status value="generated"/><div xmlns="http://www.w3.org/1999/xhtml"><p class="res-header-id"><b>Generated Narrative: CodeSystem fi-base-security-label-cs</b></p><a name="fi-base-security-label-cs"> </a><a name="hcfi-base-security-label-cs"> </a><a name="fi-base-security-label-cs-fi-FI"> </a><p>This case-insensitive code system <code>https://hl7.fi/fhir/finnish-base-profiles/CodeSystem/fi-base-security-label-cs</code> defines the following code:</p><table class="codes"><tr><td style="white-space:nowrap"><b>Code</b></td><td><b>Display</b></td><td><b>Definition</b></td></tr><tr><td style="white-space:nowrap">TURVAKIELTO<a name="fi-base-security-label-cs-TURVAKIELTO"> </a></td><td>Turvakielto</td><td>A non-disclosure for personal safety reasons according to DVV.</td></tr></table></div></text><url value="https://hl7.fi/fhir/finnish-base-profiles/CodeSystem/fi-base-security-label-cs"/><version value="2.0.0-rc2"/><name value="FiBaseSecurityLabelCS"/><title value="Finnish CodeSystem for security labels"/><status value="draft"/><experimental value="false"/><date value="2025-05-11T16:31:48+03:00"/><publisher value="HL7 Finland"/><contact><name value="HL7 Finland"/><telecom><system value="url"/><value value="https://www.hl7.fi/"/></telecom><telecom><system value="email"/><value value="mikael@sensotrend.com"/></telecom></contact><description value="This is the CodeSystem for security labels in accordance with finnish authorities."/><jurisdiction><coding><system value="urn:iso:std:iso:3166"/><code value="FI"/><display value="Finland"/></coding></jurisdiction><caseSensitive value="false"/><content value="complete"/><count value="1"/><concept><code value="TURVAKIELTO"/><display value="Turvakielto"/><definition value="A non-disclosure for personal safety reasons according to DVV."/></concept></CodeSystem>