{
  "resourceType" : "ValueSet",
  "id" : "fiphr-vs-vitalsigns",
  "text" : {
    "status" : "generated",
    "div" : "<div xmlns=\"http://www.w3.org/1999/xhtml\"><ul><li>Include these codes as defined in <a href=\"http://loinc.org\"><code>http://loinc.org</code></a><table class=\"none\"><tr><td style=\"white-space:nowrap\"><b>Code</b></td><td><b>Display</b></td><td><b>Finnish (fi)</b></td><td><b>Swedish (sv)</b></td></tr><tr><td><a href=\"https://loinc.org/9279-1/\">9279-1</a></td><td>Respiratory rate</td><td>Hengitystiheys</td><td>Andningsfrekvens</td></tr><tr><td><a href=\"https://loinc.org/8867-4/\">8867-4</a></td><td>Heart rate</td><td>Syke</td><td>Puls</td></tr><tr><td><a href=\"https://loinc.org/41924-2/\">41924-2</a></td><td>Heart rate 24 hour mean</td><td>Sydämen syke 24 h keskiarvo</td><td>Hjärtats puls 24 h genomsnittspuls</td></tr><tr><td><a href=\"https://loinc.org/8883-1/\">8883-1</a></td><td>Heart rate 24 hour minimum</td><td>Sydämen syke 24 h minimiarvo</td><td>Hjärtats puls 24 h minimivärde</td></tr><tr><td><a href=\"https://loinc.org/8873-2/\">8873-2</a></td><td>Heart rate 24 hour maximum</td><td>Sydämen syke 24 h maksimiarvo</td><td>Hjärtats puls 24 h maximivärde</td></tr><tr><td><a href=\"https://loinc.org/8310-5/\">8310-5</a></td><td>Body temperature</td><td>Kehon lämpö</td><td>Kroppstemperatur</td></tr><tr><td><a href=\"https://loinc.org/8331-1/\">8331-1</a></td><td>Oral temperature</td><td>Lämpö, suu</td><td>Temperatur, munnen</td></tr><tr><td><a href=\"https://loinc.org/8332-9/\">8332-9</a></td><td>Rectal temperature</td><td>Lämpö, peräsuoli</td><td>Temperatur, ändtarmen</td></tr><tr><td><a href=\"https://loinc.org/76011-6/\">76011-6</a></td><td>Ear temperature</td><td>Lämpö, korva</td><td>Termperatur, örat</td></tr><tr><td><a href=\"https://loinc.org/8328-7/\">8328-7</a></td><td>Axillary temperature</td><td>Lämpö, kainalo</td><td>Temperatur, armhålan</td></tr><tr><td><a href=\"https://loinc.org/8302-2/\">8302-2</a></td><td>Body height</td><td>Pituus</td><td>Längd</td></tr><tr><td><a href=\"https://loinc.org/29463-7/\">29463-7</a></td><td>Body weight</td><td>Paino</td><td>Vikt</td></tr><tr><td><a href=\"https://loinc.org/85354-9/\">85354-9</a></td><td>Blood pressure panel with all children optional</td><td>Verenpaine</td><td>Blodtryck</td></tr><tr><td><a href=\"https://loinc.org/8480-6/\">8480-6</a></td><td>Systolic blood pressure</td><td>Systolinen verenpaine</td><td>Systoliskt blodtryck</td></tr><tr><td><a href=\"https://loinc.org/8462-4/\">8462-4</a></td><td>Diastolic blood pressure</td><td>Diastolinen verenpaine</td><td>Diastoliskt blodtryck</td></tr><tr><td><a href=\"https://loinc.org/15074-8/\">15074-8</a></td><td>Glucose [Moles/volume] in Blood</td><td>Verensokeri</td><td>Blodsocker</td></tr><tr><td><a href=\"https://loinc.org/14743-9/\">14743-9</a></td><td>Glucose [Moles/volume] in Capillary blood by Glucometer</td><td>Verensokeri verensokerimittarilla</td><td>Blodsocker med blodsockermätare</td></tr><tr><td><a href=\"https://loinc.org/14745-4/\">14745-4</a></td><td>Glucose [Moles/volume] in Body fluid</td><td>Kudossokeri</td><td>Vävnadssocker</td></tr><tr><td><a href=\"https://loinc.org/19935-6/\">19935-6</a></td><td>Maximum expiratory gas flow Respiratory system airway by Peak flow meter</td><td>PEF-mittarilla mitattu maksimaalinen uloshengitysvirtauksen arvo</td><td>Maximalt utandningsflöde med PEF-mätare</td></tr><tr><td><a href=\"https://loinc.org/8280-0/\">8280-0</a></td><td>Waist Circumference at umbilicus by Tape measure</td><td>Vyötärönympärys</td><td>Midjemått</td></tr></table></li></ul></div>"
  },
  "url" : "http://phr.kanta.fi/ValueSet/fiphr-vs-vitalsigns",
  "version" : "0.2.1",
  "name" : "fiphr-vs-vitalsigns",
  "title" : "Value Set Finnish PHR Vital Signs",
  "status" : "active",
  "date" : "2020-04-03T09:00:00+02:00",
  "publisher" : "HL7 Finland",
  "contact" : [{
    "name" : "HL7 Finland",
    "telecom" : [{
      "system" : "url",
      "value" : "https://www.hl7.fi/"
    }]
  }],
  "description" : "This value set indicates the allowed vital sign result types in Finnish PRH. The concept Vitals signs panel (85353-1) is a grouping structure for a set of vital signs and includes related links (with type=has-member) to the Observations in this set (e.g. respiratory rate, heart rate, BP).  The Blood pressure panel (85354-9) is used to group the component observations Systolic blood pressure (8480-6) and Diastolic blood pressure (8462-4).",
  "jurisdiction" : [{
    "coding" : [{
      "system" : "urn:iso:std:iso:3166",
      "code" : "FI",
      "display" : "Finland"
    }]
  }],
  "copyright" : "This content from LOINC? is copyright ? 1995 Regenstrief Institute, Inc. and the LOINC    Committee, and available at no cost under the license at http://loinc.org/terms-of-use",
  "compose" : {
    "include" : [{
      "system" : "http://loinc.org",
      "concept" : [{
        "code" : "9279-1",
        "display" : "Respiratory rate",
        "designation" : [{
          "language" : "fi",
          "value" : "Hengitystiheys"
        },
        {
          "language" : "sv",
          "value" : "Andningsfrekvens"
        }]
      },
      {
        "code" : "8867-4",
        "display" : "Heart rate",
        "designation" : [{
          "language" : "fi",
          "value" : "Syke"
        },
        {
          "language" : "sv",
          "value" : "Puls"
        }]
      },
      {
        "code" : "41924-2",
        "display" : "Heart rate 24 hour mean",
        "designation" : [{
          "language" : "fi",
          "value" : "Sydämen syke 24 h keskiarvo"
        },
        {
          "language" : "sv",
          "value" : "Hjärtats puls 24 h genomsnittspuls"
        }]
      },
      {
        "code" : "8883-1",
        "display" : "Heart rate 24 hour minimum",
        "designation" : [{
          "language" : "fi",
          "value" : "Sydämen syke 24 h minimiarvo"
        },
        {
          "language" : "sv",
          "value" : "Hjärtats puls 24 h minimivärde"
        }]
      },
      {
        "code" : "8873-2",
        "display" : "Heart rate 24 hour maximum",
        "designation" : [{
          "language" : "fi",
          "value" : "Sydämen syke 24 h maksimiarvo"
        },
        {
          "language" : "sv",
          "value" : "Hjärtats puls 24 h maximivärde"
        }]
      },
      {
        "code" : "8310-5",
        "display" : "Body temperature",
        "designation" : [{
          "language" : "fi",
          "value" : "Kehon lämpö"
        },
        {
          "language" : "sv",
          "value" : "Kroppstemperatur"
        }]
      },
      {
        "code" : "8331-1",
        "display" : "Oral temperature",
        "designation" : [{
          "language" : "fi",
          "value" : "Lämpö, suu"
        },
        {
          "language" : "sv",
          "value" : "Temperatur, munnen"
        }]
      },
      {
        "code" : "8332-9",
        "display" : "Rectal temperature",
        "designation" : [{
          "language" : "fi",
          "value" : "Lämpö, peräsuoli"
        },
        {
          "language" : "sv",
          "value" : "Temperatur, ändtarmen"
        }]
      },
      {
        "code" : "76011-6",
        "display" : "Ear temperature",
        "designation" : [{
          "language" : "fi",
          "value" : "Lämpö, korva"
        },
        {
          "language" : "sv",
          "value" : "Termperatur, örat"
        }]
      },
      {
        "code" : "8328-7",
        "display" : "Axillary temperature",
        "designation" : [{
          "language" : "fi",
          "value" : "Lämpö, kainalo"
        },
        {
          "language" : "sv",
          "value" : "Temperatur, armhålan"
        }]
      },
      {
        "code" : "8302-2",
        "display" : "Body height",
        "designation" : [{
          "language" : "fi",
          "value" : "Pituus"
        },
        {
          "language" : "sv",
          "value" : "Längd"
        }]
      },
      {
        "code" : "29463-7",
        "display" : "Body weight",
        "designation" : [{
          "language" : "fi",
          "value" : "Paino"
        },
        {
          "language" : "sv",
          "value" : "Vikt"
        }]
      },
      {
        "code" : "85354-9",
        "display" : "Blood pressure panel with all children optional",
        "designation" : [{
          "language" : "fi",
          "value" : "Verenpaine"
        },
        {
          "language" : "sv",
          "value" : "Blodtryck"
        }]
      },
      {
        "code" : "8480-6",
        "display" : "Systolic blood pressure",
        "designation" : [{
          "language" : "fi",
          "value" : "Systolinen verenpaine"
        },
        {
          "language" : "sv",
          "value" : "Systoliskt blodtryck"
        }]
      },
      {
        "code" : "8462-4",
        "display" : "Diastolic blood pressure",
        "designation" : [{
          "language" : "fi",
          "value" : "Diastolinen verenpaine"
        },
        {
          "language" : "sv",
          "value" : "Diastoliskt blodtryck"
        }]
      },
      {
        "code" : "15074-8",
        "display" : "Glucose [Moles/volume] in Blood",
        "designation" : [{
          "language" : "fi",
          "value" : "Verensokeri"
        },
        {
          "language" : "sv",
          "value" : "Blodsocker"
        }]
      },
      {
        "code" : "14743-9",
        "display" : "Glucose [Moles/volume] in Capillary blood by Glucometer",
        "designation" : [{
          "language" : "fi",
          "value" : "Verensokeri verensokerimittarilla"
        },
        {
          "language" : "sv",
          "value" : "Blodsocker med blodsockermätare"
        }]
      },
      {
        "code" : "14745-4",
        "display" : "Glucose [Moles/volume] in Body fluid",
        "designation" : [{
          "language" : "fi",
          "value" : "Kudossokeri"
        },
        {
          "language" : "sv",
          "value" : "Vävnadssocker"
        }]
      },
      {
        "code" : "19935-6",
        "display" : "Maximum expiratory gas flow Respiratory system airway by Peak flow meter",
        "designation" : [{
          "language" : "fi",
          "value" : "PEF-mittarilla mitattu maksimaalinen uloshengitysvirtauksen arvo"
        },
        {
          "language" : "sv",
          "value" : "Maximalt utandningsflöde med PEF-mätare"
        }]
      },
      {
        "code" : "8280-0",
        "display" : "Waist Circumference at umbilicus by Tape measure",
        "designation" : [{
          "language" : "fi",
          "value" : "Vyötärönympärys"
        },
        {
          "language" : "sv",
          "value" : "Midjemått"
        }]
      }]
    }]
  }
}