{
  "resourceType" : "ValueSet",
  "id" : "fiphr-vs-consentcategory",
  "text" : {
    "status" : "generated",
    "div" : "<div xmlns=\"http://www.w3.org/1999/xhtml\"><ul><li>Include all codes defined in <a href=\"CodeSystem-fiphr-cs-consentcategory.html\"><code>http://phr.kanta.fi/fiphr-cs-consentcategory</code></a></li></ul></div>"
  },
  "url" : "http://phr.kanta.fi/ValueSet/fiphr-vs-consentcategory",
  "version" : "0.2.1",
  "name" : "fiphr-vs-consentcategory",
  "title" : "Value Set Finnish PHR Consent Category",
  "status" : "active",
  "date" : "2018-03-16T13:52:00+02:00",
  "publisher" : "HL7 Finland",
  "contact" : [{
    "name" : "HL7 Finland",
    "telecom" : [{
      "system" : "url",
      "value" : "https://www.hl7.fi/"
    }]
  }],
  "description" : "Finnish PHR Consent Category value set.",
  "jurisdiction" : [{
    "coding" : [{
      "system" : "urn:iso:std:iso:3166",
      "code" : "FI",
      "display" : "Finland"
    }]
  }],
  "compose" : {
    "include" : [{
      "system" : "http://phr.kanta.fi/fiphr-cs-consentcategory"
    }]
  }
}