<?xml version="1.0" encoding="UTF-8"?>

<Condition xmlns="http://hl7.org/fhir">
  <id value="id-for-diagnosis-1"/>
  <meta>
    <profile value="https://hl7.fi/fhir/finnish-base-profiles/StructureDefinition/fi-base-reason-for-care"/>
  </meta>
  <text>
    <status value="extensions"/><div xmlns="http://www.w3.org/1999/xhtml"><p class="res-header-id"><b>Generated Narrative: Condition id-for-diagnosis-1</b></p><a name="id-for-diagnosis-1"> </a><a name="hcid-for-diagnosis-1"> </a><a name="id-for-diagnosis-1-fi-FI"> </a><p><b>Primary condition for encounter</b>: unknown PAA: Päädiagnoosi tai päätoimenpide (version = 2003 )</p><p><b>Permanence of condition</b>: unknown PYS: Pysyväisluonteinen (version = 2003 )</p><p><b>clinicalStatus</b>: <span title="Codes:{http://terminology.hl7.org/CodeSystem/condition-clinical active}">Active</span></p><p><b>category</b>: <span title="Codes:{http://terminology.hl7.org/CodeSystem/condition-category encounter-diagnosis}">Encounter Diagnosis</span></p><p><b>code</b>: <span title="Codes:{urn:oid:1.2.246.537.6.1 H36.03}">Proliferatiivinen diabeettinen retinopatia, vasen, laserhoidettu</span></p><p><b>subject</b>: <a href="Patient-patient-of-municipality.html">Testi Henkilö Male, DoB: 1990-01-01 ( National Identifier for Finland (use: official, ))</a></p><p><b>onset</b>: 2023-01-05 02:06:24+0300</p><h3>Evidences</h3><table class="grid"><tr><td style="display: none">-</td><td><b>Code</b></td></tr><tr><td style="display: none">*</td><td><span title="Codes:{urn:oid:1.2.246.537.6.1 E11.3}">Aikuistyypin diabetes diabeteksen silmäkomplikaatiot</span></td></tr></table></div>
  </text>
  <extension url="https://hl7.fi/fhir/finnish-base-profiles/StructureDefinition/condition-primary">
    <valueCoding>
      <system value="urn:oid:1.2.246.537.5.40005"/>
      <version value="2003"/>
      <code value="PAA"/>
      <display value="Päädiagnoosi tai päätoimenpide"/>
    </valueCoding>
  </extension>
  <extension url="https://hl7.fi/fhir/finnish-base-profiles/StructureDefinition/condition-permanence">
    <valueCoding>
      <system value="urn:oid:1.2.246.537.5.40003"/>
      <version value="2003"/>
      <code value="PYS"/>
      <display value="Pysyväisluonteinen"/>
    </valueCoding>
  </extension>
  <clinicalStatus>
    <coding>
      <system value="http://terminology.hl7.org/CodeSystem/condition-clinical"/>
      <code value="active"/>
    </coding>
  </clinicalStatus>
  <category>
    <coding>
      <system value="http://terminology.hl7.org/CodeSystem/condition-category"/>
      <code value="encounter-diagnosis"/>
    </coding>
  </category>
  <code>
    <coding>
      <system value="urn:oid:1.2.246.537.6.1"/>
      <version value="1999"/>
      <code value="H36.03"/>
      <display value="Proliferatiivinen diabeettinen retinopatia"/>
    </coding>
    <text value="Proliferatiivinen diabeettinen retinopatia, vasen, laserhoidettu"/>
  </code>
  <subject>
    <reference value="Patient/patient-of-municipality"/>
  </subject>
  <onsetDateTime value="2023-01-05T02:06:24+03:00"/>
  <evidence>
    <code>
      <coding>
        <system value="urn:oid:1.2.246.537.6.1"/>
        <version value="1999"/>
        <code value="E11.3"/>
        <display value="Aikuistyypin diabetes diabeteksen silmäkomplikaatiot"/>
      </coding>
    </code>
  </evidence>
</Condition>