<?xml version="1.0" encoding="UTF-8"?>

<Provenance xmlns="http://hl7.org/fhir">
  <id value="custodian-occupational-healthcare"/>
  <meta>
    <profile value="https://hl7.fi/fhir/finnish-base-profiles/StructureDefinition/fi-base-information-custodian-private"/>
  </meta>
  <text>
    <status value="generated"/><div xmlns="http://www.w3.org/1999/xhtml"><p class="res-header-id"><b>Generated Narrative: Provenance custodian-occupational-healthcare</b></p><a name="custodian-occupational-healthcare"> </a><a name="hccustodian-occupational-healthcare"> </a><a name="custodian-occupational-healthcare-fi-FI"> </a><p>Provenance for <a href="EpisodeOfCare-id-for-episode-1.html">EpisodeOfCare: status = active</a></p><p>Summary</p><table class="grid"><tr><td>Recorded</td><td>2015-02-07 13:28:17+0200</td></tr></table><p><b>Agents</b></p><table class="grid"><tr><td><b>Type</b></td><td><b>Role</b></td><td><b>who</b></td></tr><tr><td><span title="Codes:{http://terminology.hl7.org/CodeSystem/v3-ParticipationType CST}">Rekisterinpitäjä</span></td><td/><td>Ratinan Terveys Oy (Identifier: Provider number/urn:oid:1.2.246.10.32515682.10.0)</td></tr></table></div>
  </text>
  <target>
    <reference value="EpisodeOfCare/id-for-episode-1"/>
  </target>
  <recorded value="2015-02-07T13:28:17.239+02:00"/>
  <agent>
    <type>
      <coding>
        <system value="http://terminology.hl7.org/CodeSystem/v3-ParticipationType"/>
        <code value="CST"/>
        <display value="custodian"/>
      </coding>
      <text value="Rekisterinpitäjä"/>
    </type>
    <role>
      <coding>
        <system value="urn:oid:1.2.246.537.5.40172"/>
        <code value="2"/>
        <display value="Yksityinen"/>
      </coding>
      <text value="Yksityinen"/>
    </role>
    <who>
      <type value="Organization"/>
      <identifier>
        <type>
          <coding>
            <system value="http://terminology.hl7.org/CodeSystem/v2-0203"/>
            <code value="PRN"/>
          </coding>
        </type>
        <system value="urn:oid:1.2.246.537.6.202"/>
        <value value="urn:oid:1.2.246.10.32515682.10.0"/>
      </identifier>
      <display value="Ratinan Terveys Oy"/>
    </who>
  </agent>
</Provenance>