{
  "resourceType" : "Immunization",
  "id" : "ImmunizationVaccinationExample",
  "meta" : {
    "profile" : ["https://hl7.fi/fhir/finnish-base-profiles/StructureDefinition/fi-base-immunization"]
  },
  "text" : {
    "status" : "extensions",
    "div" : "<div xmlns=\"http://www.w3.org/1999/xhtml\"><p class=\"res-header-id\"><b>Generated Narrative: Immunization ImmunizationVaccinationExample</b></p><a name=\"ImmunizationVaccinationExample\"> </a><a name=\"hcImmunizationVaccinationExample\"> </a><a name=\"ImmunizationVaccinationExample-fi-FI\"> </a><div style=\"display: inline-block; background-color: #d9e0e7; padding: 6px; margin: 4px; border: 1px solid #8da1b4; border-radius: 5px; line-height: 60%\"><p style=\"margin-bottom: 0px\"/><p style=\"margin-bottom: 0px\">Profile: <a href=\"StructureDefinition-fi-base-immunization.html\">Fi Base Immunization</a></p></div><p><b>Vaccination Recorder</b>: <a href=\"Practitioner-practitioner-licensed-physician.html\">Practitioner Dave Doctor </a></p><p><b>identifier</b>: <a href=\"http://terminology.hl7.org/5.0.0/NamingSystem-uri.html\" title=\"As defined by RFC 3986 (http://www.ietf.org/rfc/rfc3986.txt)(with many schemes defined in many RFCs). For OIDs and UUIDs, use the URN form (urn:oid:(note: lowercase) and urn:uuid:). See http://www.ietf.org/rfc/rfc3001.txt and http://www.ietf.org/rfc/rfc4122.txt \r\n\r\nThis oid is used as an identifier II.root to indicate the the extension is an absolute URI (technically, an IRI). Typically, this is used for OIDs and GUIDs. Note that when this OID is used with OIDs and GUIDs, the II.extension should start with urn:oid or urn:uuid: \r\n\r\nNote that this OID is created to aid with interconversion between CDA and FHIR - FHIR uses urn:ietf:rfc:3986 as equivalent to this OID. URIs as identifiers appear more commonly in FHIR.\r\n\r\nThis OID may also be used in CD.codeSystem.\">URI</a>/urn:oid:1.3.6.1.4.1.21367.2005.3.7.1234</p><p><b>status</b>: Completed</p><p><b>vaccineCode</b>: <span title=\"Codes:{urn:oid:1.2.246.537.6.32 J07BA01}\">Inaktivoitu puutiaisaivotulehdusrokote (koko virus)</span></p><p><b>patient</b>: <a href=\"Patient-patient-of-municipality.html\">Testi Henkilö Male, DoB: 1990-01-01 ( National Identifier for Finland\u00a0(use:\u00a0official,\u00a0))</a></p><p><b>encounter</b>: <a href=\"Encounter-id-for-palvelutapahtuma.html\">Encounter: identifier = urn:oid:1.2.246.10.6794809.14011.2023.200035\u00a0(use:\u00a0official,\u00a0); status = in-progress; class = inpatient encounter (ActCode#IMP); period = 2022-02-27 01:03:00+0200 --&gt; (ongoing)</a></p><p><b>occurrence</b>: 2023-01-10</p><p><b>primarySource</b>: false</p><p><b>location</b>: <a href=\"Location-LocationExample.html\">Location Kirurgian poliklinikka</a></p><p><b>expirationDate</b>: 2025-02-15</p><p><b>site</b>: <span title=\"Codes:{urn:oid:1.2.246.537.6.110 OO}\">OO</span></p><p><b>route</b>: <span title=\"Codes:{urn:oid:1.2.246.537.6.111 IM}\">IM</span></p><p><b>doseQuantity</b>: 5 mg<span style=\"background: LightGoldenRodYellow\"> (Details: UCUM  codemg = 'mg')</span></p><h3>Performers</h3><table class=\"grid\"><tr><td style=\"display: none\">-</td><td><b>Function</b></td><td><b>Actor</b></td></tr><tr><td style=\"display: none\">*</td><td><span title=\"Codes:{http://terminology.hl7.org/CodeSystem/v2-0443 AP}\">Administering Provider</span></td><td><a href=\"Practitioner-practitioner-licensed-physician.html\">Practitioner Dave Doctor </a></td></tr></table><p><b>reasonCode</b>: <span title=\"Codes:{http://snomed.info/sct 429060002}\">Procedure to meet occupational requirement</span></p><h3>ProtocolApplieds</h3><table class=\"grid\"><tr><td style=\"display: none\">-</td><td><b>TargetDisease</b></td><td><b>DoseNumber[x]</b></td><td><b>SeriesDoses[x]</b></td></tr><tr><td style=\"display: none\">*</td><td><span title=\"Codes:{urn:oid:1.2.246.537.6.609 TBE}\">TBE</span></td><td>1</td><td>3</td></tr></table></div>"
  },
  "extension" : [{
    "url" : "https://hl7.fi/fhir/finnish-base-profiles/StructureDefinition/vaccination-recorder",
    "valueReference" : {
      "reference" : "Practitioner/practitioner-licensed-physician"
    }
  }],
  "identifier" : [{
    "system" : "urn:ietf:rfc:3986",
    "value" : "urn:oid:1.3.6.1.4.1.21367.2005.3.7.1234"
  }],
  "status" : "completed",
  "vaccineCode" : {
    "coding" : [{
      "system" : "urn:oid:1.2.246.537.6.32",
      "version" : "2007",
      "code" : "J07BA01"
    }],
    "text" : "Inaktivoitu puutiaisaivotulehdusrokote (koko virus)"
  },
  "patient" : {
    "reference" : "Patient/patient-of-municipality"
  },
  "encounter" : {
    "reference" : "Encounter/id-for-palvelutapahtuma"
  },
  "occurrenceDateTime" : "2023-01-10",
  "primarySource" : false,
  "location" : {
    "reference" : "Location/LocationExample"
  },
  "expirationDate" : "2025-02-15",
  "site" : {
    "coding" : [{
      "system" : "urn:oid:1.2.246.537.6.110",
      "version" : "2007",
      "code" : "OO"
    }]
  },
  "route" : {
    "coding" : [{
      "system" : "urn:oid:1.2.246.537.6.111",
      "version" : "2007",
      "code" : "IM"
    }]
  },
  "doseQuantity" : {
    "value" : 5,
    "system" : "http://unitsofmeasure.org",
    "code" : "mg"
  },
  "performer" : [{
    "function" : {
      "coding" : [{
        "system" : "http://terminology.hl7.org/CodeSystem/v2-0443",
        "code" : "AP"
      }]
    },
    "actor" : {
      "reference" : "Practitioner/practitioner-licensed-physician"
    }
  }],
  "reasonCode" : [{
    "coding" : [{
      "system" : "http://snomed.info/sct",
      "code" : "429060002"
    }]
  }],
  "protocolApplied" : [{
    "targetDisease" : [{
      "coding" : [{
        "system" : "urn:oid:1.2.246.537.6.609",
        "version" : "20150",
        "code" : "TBE"
      }]
    }],
    "doseNumberPositiveInt" : 1,
    "seriesDosesPositiveInt" : 3
  }]
}