{
  "date" : "Tue, 04 Jul, 2023 18:49:12 +0300",
  "doco" : "For each file: start is seconds after start activity occurred. Length = milliseconds activity took",
  "files" : [
    {
      "name" : "/fsh-generated/resources/ImplementationGuide-hl7.fhir.fi.smart.json",
      "size" : 3595,
      "processes" : [
        {
          "activity" : "load",
          "start" : 31,
          "length" : 81
        },
        {
          "activity" : "checkR4R4B",
          "start" : 31,
          "length" : 4
        },
        {
          "activity" : "generateNarratives",
          "start" : 31,
          "length" : 111
        },
        {
          "activity" : "validate",
          "start" : 34,
          "length" : 657
        },
        {
          "activity" : "generate1",
          "start" : 50,
          "length" : 101
        },
        {
          "activity" : "generate2",
          "start" : 53,
          "length" : 67
        },
        {
          "activity" : "generateValidationPack",
          "start" : 148,
          "length" : 2
        }
      ]
    },
    {
      "name" : "input/examples/CapabilityStatement-apotti-ekosysteemi.json",
      "size" : 139555,
      "processes" : [
        {
          "activity" : "loadResources",
          "start" : 30,
          "length" : 181
        },
        {
          "activity" : "load",
          "start" : 30,
          "length" : 232
        },
        {
          "activity" : "checkR4R4B",
          "start" : 31,
          "length" : 7
        },
        {
          "activity" : "generateNarratives",
          "start" : 31,
          "length" : 174
        },
        {
          "activity" : "validate",
          "start" : 34,
          "length" : 231
        },
        {
          "activity" : "scanForUsageStats",
          "start" : 50,
          "length" : 2
        },
        {
          "activity" : "generate1",
          "start" : 50,
          "length" : 341
        },
        {
          "activity" : "generate2",
          "start" : 53,
          "length" : 116
        },
        {
          "activity" : "generateValidationPack",
          "start" : 148,
          "length" : 4
        },
        {
          "activity" : "scanExamplesForR5",
          "start" : 156,
          "length" : 1
        }
      ]
    },
    {
      "name" : "fsh-generated/resources/CapabilityStatement-fi-smart-server.json",
      "size" : 3003,
      "processes" : [
        {
          "activity" : "loadResources",
          "start" : 30,
          "length" : 13
        },
        {
          "activity" : "loadDepInfo",
          "start" : 30,
          "length" : 1
        },
        {
          "activity" : "load",
          "start" : 31,
          "length" : 19
        },
        {
          "activity" : "generateNarratives",
          "start" : 32,
          "length" : 22
        },
        {
          "activity" : "validate",
          "start" : 34,
          "length" : 29
        },
        {
          "activity" : "generate1",
          "start" : 50,
          "length" : 25
        },
        {
          "activity" : "generate2",
          "start" : 53,
          "length" : 12
        },
        {
          "activity" : "generateValidationPack",
          "start" : 148,
          "length" : 1
        }
      ]
    },
    {
      "name" : "fsh-generated/resources/AuditEvent-apotti-ehr-launch-by-practitioner.json",
      "size" : 994,
      "processes" : [
        {
          "activity" : "loadResources",
          "start" : 30,
          "length" : 13
        },
        {
          "activity" : "load-configure",
          "start" : 30,
          "length" : 1
        },
        {
          "activity" : "generateNarratives",
          "start" : 32,
          "length" : 128
        },
        {
          "activity" : "validate",
          "start" : 50,
          "length" : 12
        },
        {
          "activity" : "generate1",
          "start" : 50,
          "length" : 15
        },
        {
          "activity" : "generate2",
          "start" : 53,
          "length" : 15
        }
      ]
    },
    {
      "name" : "fsh-generated/resources/StructureDefinition-fi-smart-server-profile.json",
      "size" : 1590,
      "processes" : [
        {
          "activity" : "loadResources",
          "start" : 30,
          "length" : 12
        },
        {
          "activity" : "load",
          "start" : 30,
          "length" : 22
        },
        {
          "activity" : "generateSnapshots",
          "start" : 31,
          "length" : 542
        },
        {
          "activity" : "generateNarratives",
          "start" : 32,
          "length" : 511
        },
        {
          "activity" : "validate",
          "start" : 32,
          "length" : 1566
        },
        {
          "activity" : "checkConformanceResources",
          "start" : 35,
          "length" : 1
        },
        {
          "activity" : "scanForUsageStats",
          "start" : 50,
          "length" : 1
        },
        {
          "activity" : "generate1",
          "start" : 50,
          "length" : 794
        },
        {
          "activity" : "generate2",
          "start" : 53,
          "length" : 4340
        },
        {
          "activity" : "makeDependencies",
          "start" : 64,
          "length" : 1
        },
        {
          "activity" : "generateValidationPack",
          "start" : 148,
          "length" : 11
        },
        {
          "activity" : "scanProfilesForR5",
          "start" : 156,
          "length" : 1
        },
        {
          "activity" : "scanExamplesForR5",
          "start" : 156,
          "length" : 2
        }
      ]
    }
  ]
}
