<?xml version="1.0" encoding="UTF-8"?>

<Appointment xmlns="http://hl7.org/fhir">
  <id value="appointment-status-extension-06"/>
  <meta>
    <lastUpdated value="2019-12-22T19:26:03.719+03:00"/>
  </meta>
  <text>
    <status value="generated"/><div xmlns="http://www.w3.org/1999/xhtml"><p class="res-header-id"><b>Generated Narrative: Appointment appointment-status-extension-06</b></p><a name="appointment-status-extension-06"> </a><a name="hcappointment-status-extension-06"> </a><a name="appointment-status-extension-06-fi-FI"> </a><div style="display: inline-block; background-color: #d9e0e7; padding: 6px; margin: 4px; border: 1px solid #8da1b4; border-radius: 5px; line-height: 60%"><p style="margin-bottom: 0px">Last updated: 2019-12-22 19:26:03+0300</p></div><p><b>status</b>: Booked</p><p><b>start</b>: 2020-01-07 09:00:00+0300</p><p><b>end</b>: 2020-01-07 09:20:00+0300</p><p><b>created</b>: 2019-12-22 19:24:17+0300</p><blockquote><p><b>participant</b></p><p><b>actor</b>: <a href="Patient-patient-petri.html">Petri Potilas  Male, DoB: 2010-10-11 ( urn:oid:1.2.246.21#101100A9277 (use: official, ))</a></p><p><b>status</b>: Accepted</p></blockquote><blockquote><p><b>participant</b></p><p><b>actor</b>: <a href="Practitioner-practitioner-keijo.html">Practitioner Keijo Kätilö</a></p><p><b>status</b>: Accepted</p></blockquote></div>
  </text>
  <status value="booked">
    <extension url="https://hl7.fi/fhir/finnish-scheduling/StructureDefinition/ajanvarauksen-tila">
      <valueCoding>
        <system value="urn:oid:1.2.246.537.6.881"/>
        <code value="3"/>
        <display value="Varattu"/>
      </valueCoding>
    </extension>
  </status>
  <start value="2020-01-07T09:00:00+03:00"/>
  <end value="2020-01-07T09:20:00+03:00"/>
  <created value="2019-12-22T19:24:17+03:00"/>
  <participant>
    <actor>
      <reference value="Patient/patient-petri"/>
    </actor>
    <status value="accepted"/>
  </participant>
  <participant>
    <actor>
      <reference value="Practitioner/practitioner-keijo"/>
    </actor>
    <status value="accepted"/>
  </participant>
</Appointment>