Source File	Size	loadResources	load-configure	scan	loadDepInfo	loadInfo	load	generateSnapshots	checkR4R4B	generateNarratives	validate	loadLists	checkConformanceResources	checkConformanceResources2	checkConformanceResources3	generateLogicalMaps	validateExpressions	scanForUsageStats	checkURLsUnique	processProvenanceDetails	generate1	generate2	generateLogicals	makeDependencies	generateExampleZip	generateValidationPack	scanProfilesForR5	scanExamplesForR5
/fsh-generated/resources/ImplementationGuide-hl7.fhir.fi.smart.json	3814	-	0	0	0	0	0	1	4	109	0	0	0	0	0	0	0	1	0	0	152	71	0	0	0	2	0	1
input/examples/CapabilityStatement-apotti-ekosysteemi.json	139603	185	1	0	0	0	0	0	4	226	0	0	0	0	0	0	0	8	0	0	390	135	0	1	0	7	0	1
fsh-generated/resources/CapabilityStatement-fi-smart-server.json	3003	18	0	0	0	0	0	0	0	20	0	0	0	0	0	0	0	0	0	0	32	12	0	0	0	1	0	0
fsh-generated/resources/AuditEvent-apotti-ehr-launch-by-practitioner.json	994	12	0	0	0	0	0	0	0	132	0	0	0	0	0	0	0	0	0	0	19	17	0	0	0	0	0	0
fsh-generated/resources/StructureDefinition-fi-smart-server-profile.json	1590	11	0	0	0	0	0	570	0	463	0	0	0	0	0	0	0	3	0	0	1015	4708	0	0	0	15	0	3
