{
  "resourceType" : "Observation",
  "id" : "bloodpressure-max",
  "meta" : {
    "profile" : ["http://phr.kanta.fi/StructureDefinition/fiphr-sd-bloodpressure"]
  },
  "language" : "en",
  "text" : {
    "status" : "generated",
    "div" : "<div xmlns=\"http://www.w3.org/1999/xhtml\">Code: Blood pressure (85354-9) / Systolic blood pressure (observable entity)(46973005)<br />Time: 20.11.2017 11:46<br />Result: Systolic blood pressure (8480-6): 95 mm[Hg], Diastolic blood pressure (8462-4): 65 mm[Hg]</div>"
  },
  "identifier" : [{
    "system" : "urn:ietf:rfc:3986",
    "value" : "urn:uuid:3ca3ffc6-234e-481c-b0f3-37c05e14c8e2"
  }],
  "status" : "final",
  "category" : [{
    "coding" : [{
      "system" : "http://terminology.hl7.org/CodeSystem/observation-category",
      "code" : "vital-signs"
    }]
  },
  {
    "coding" : [{
      "system" : "http://terminology.own.com",
      "code" : "OwnCode123"
    }]
  }],
  "code" : {
    "coding" : [{
      "system" : "http://loinc.org",
      "code" : "85354-9",
      "display" : "Blood pressure panel with all children optional"
    },
    {
      "system" : "http://snomed.info/sct",
      "code" : "46973005",
      "display" : "Blood pressure taking (procedure)"
    }]
  },
  "subject" : {
    "reference" : "Patient/25a53703-27f9-4354-8f1b-a8b2f8f3ee86"
  },
  "effectiveDateTime" : "2017-11-20T11:46:00+02:00",
  "issued" : "2017-11-20T11:46:00+02:00",
  "performer" : [{
    "reference" : "Patient/25a53703-27f9-4354-8f1b-a8b2f8f3ee86"
  }],
  "note" : [{
    "text" : ""
  }],
  "component" : [{
    "code" : {
      "coding" : [{
        "system" : "http://loinc.org",
        "code" : "8480-6",
        "display" : "Systolic blood pressure"
      },
      {
        "system" : "http://snomed.info/sct",
        "code" : "271649006",
        "display" : "Systolic blood pressure (observable entity)"
      }]
    },
    "valueQuantity" : {
      "value" : 95,
      "unit" : "mm[Hg]",
      "system" : "http://unitsofmeasure.org",
      "code" : "mm[Hg]"
    },
    "interpretation" : [{
      "coding" : [{
        "system" : "http://terminology.hl7.org/CodeSystem/v3-ObservationInterpretation",
        "code" : "<",
        "display" : "Off scale low"
      }]
    }],
    "referenceRange" : [{
      "low" : {
        "value" : 100,
        "unit" : "mm[Hg]",
        "system" : "http://unitsofmeasure.org",
        "code" : "mm[Hg]"
      },
      "high" : {
        "value" : 150,
        "unit" : "mm[Hg]",
        "system" : "http://unitsofmeasure.org",
        "code" : "mm[Hg]"
      },
      "appliesTo" : [{
        "coding" : [{
          "system" : "http://snomed.info/sct",
          "code" : "248153007",
          "display" : "Male"
        }],
        "text" : "Normal range"
      }],
      "age" : {
        "low" : {
          "value" : 15,
          "unit" : "years",
          "system" : "http://unitsofmeasure.org",
          "code" : "a"
        },
        "high" : {
          "value" : 100,
          "unit" : "years",
          "system" : "http://unitsofmeasure.org",
          "code" : "a"
        }
      },
      "text" : "Age"
    }]
  },
  {
    "code" : {
      "coding" : [{
        "system" : "http://loinc.org",
        "code" : "8462-4",
        "display" : "Diastolic blood pressure"
      },
      {
        "system" : "http://snomed.info/sct",
        "code" : "271650006",
        "display" : "Diastolic blood pressure (observable entity)"
      }]
    },
    "valueQuantity" : {
      "value" : 65,
      "unit" : "mm[Hg]",
      "system" : "http://unitsofmeasure.org",
      "code" : "mm[Hg]"
    },
    "interpretation" : [{
      "coding" : [{
        "system" : "http://terminology.hl7.org/CodeSystem/v3-ObservationInterpretation",
        "code" : "N",
        "display" : "Normal"
      }]
    }],
    "referenceRange" : [{
      "low" : {
        "value" : 60,
        "unit" : "mm[Hg]",
        "system" : "http://unitsofmeasure.org",
        "code" : "mm[Hg]"
      },
      "high" : {
        "value" : 110,
        "unit" : "mm[Hg]",
        "system" : "http://unitsofmeasure.org",
        "code" : "mm[Hg]"
      },
      "appliesTo" : [{
        "coding" : [{
          "system" : "http://snomed.info/sct",
          "code" : "248153007",
          "display" : "Male"
        }],
        "text" : "Normal range"
      }],
      "age" : {
        "low" : {
          "value" : 15,
          "unit" : "years",
          "system" : "http://unitsofmeasure.org",
          "code" : "a"
        },
        "high" : {
          "value" : 100,
          "unit" : "years",
          "system" : "http://unitsofmeasure.org",
          "code" : "a"
        }
      },
      "text" : "Age"
    }]
  }]
}