{
  "resourceType" : "Appointment",
  "id" : "example-appointment-4",
  "meta" : {
    "profile" : ["https://hl7.fi/fhir/finnish-scheduling/StructureDefinition/fi-scheduling-appointment"]
  },
  "text" : {
    "status" : "generated",
    "div" : "<div xmlns=\"http://www.w3.org/1999/xhtml\"><p class=\"res-header-id\"><b>Generated Narrative: Appointment example-appointment-4</b></p><a name=\"example-appointment-4\"> </a><a name=\"hcexample-appointment-4\"> </a><a name=\"example-appointment-4-fi-FI\"> </a><div style=\"display: inline-block; background-color: #d9e0e7; padding: 6px; margin: 4px; border: 1px solid #8da1b4; border-radius: 5px; line-height: 60%\"><p style=\"margin-bottom: 0px\"/><p style=\"margin-bottom: 0px\">Profile: <a href=\"StructureDefinition-fi-scheduling-appointment.html\">FiSchedulingAppointment</a></p></div><p><b>identifier</b>: <code>http://organisaationmaarittelemanimiavaruus.fi</code>/12345</p><p><b>status</b>: Booked</p><p><b>serviceCategory</b>: <span title=\"Codes:{urn:oid:1.2.246.537.6.50 SOTE23.1}, {http://terminology.hl7.org/CodeSystem/service-category 17}\">Perusterveydenhuollon vastaanottopalvelu</span></p><p><b>serviceType</b>: <span title=\"Codes:{urn:oid:1.2.246.537.6.49 EDC}, {http://terminology.hl7.org/CodeSystem/service-type 74}\">Terveydenhoitajan palvelu</span></p><p><b>reasonReference</b>: </p><ul><li><a href=\"#hcexample-appointment-4/example-condition-1\">Condition Poikkeava verensokeri (löydös)</a></li><li><a href=\"#hcexample-appointment-4/example-condition-2\">Condition Ravitsemusneuvonta (toimenpide)</a></li></ul><p><b>start</b>: 2023-06-10 09:00:00+0000</p><p><b>end</b>: 2023-06-10 11:00:00+0000</p><p><b>comment</b>: Asiakkaalle tai ajanvarauksen katselijalle tarkoitettu vapaamuotoinen lisätieto voidaan kirjoittaa tähän.</p><blockquote><p><b>participant</b></p><p><b>actor</b>: <a href=\"#hcexample-appointment-4/patient-iida\">Iida Maria Koski (official) (no stated gender), DoB: 2011-01-30 ( urn:oid:1.2.246.21#300111A9001\u00a0(use:\u00a0official,\u00a0))</a></p><p><b>status</b>: Accepted</p></blockquote><blockquote><p><b>participant</b></p><p><b>actor</b>: <a href=\"#hcexample-appointment-4/example-service\">HealthcareService Ajanvaraus terveydenhoitajalle</a></p><p><b>status</b>: Accepted</p></blockquote><blockquote><p><b>participant</b></p><p><b>actor</b>: <a href=\"#hcexample-appointment-4/example-location\">Location: description = Hissillä ylös kolmanteen kerrokseen</a></p><p><b>status</b>: Accepted</p></blockquote><hr/><blockquote><p class=\"res-header-id\"><b>Generated Narrative: Patient #patient-iida</b></p><a name=\"example-appointment-4/patient-iida\"> </a><a name=\"hcexample-appointment-4/patient-iida\"> </a><a name=\"example-appointment-4/patient-iida-fi-FI\"> </a><div style=\"display: inline-block; background-color: #d9e0e7; padding: 6px; margin: 4px; border: 1px solid #8da1b4; border-radius: 5px; line-height: 60%\"><p style=\"margin-bottom: 0px\"/><p style=\"margin-bottom: 0px\">Profile: <a href=\"https://hl7.fi/fhir/finnish-base-profiles/1.0.0/StructureDefinition-fi-base-patient.html\">FI Base Patient</a></p></div><p style=\"border: 1px #661aff solid; background-color: #e6e6ff; padding: 10px;\">Iida Maria Koski (official) (no stated gender), DoB: 2011-01-30 ( urn:oid:1.2.246.21#300111A9001\u00a0(use:\u00a0official,\u00a0))</p><hr/><table class=\"grid\"><tr><td style=\"background-color: #f3f5da\" title=\"Other Id (see the one above)\">Other Id:</td><td colspan=\"3\"><code>urn:oid:1.2.246.10.12345678.22.2023</code>/1122\u00a0(use:\u00a0old,\u00a0)</td></tr><tr><td style=\"background-color: #f3f5da\" title=\"Alternate names (see the one above)\">Alt. Name:</td><td colspan=\"3\">Iitu (Nickname)</td></tr></table></blockquote><hr/><blockquote><p class=\"res-header-id\"><b>Generated Narrative: Condition #example-condition-1</b></p><a name=\"example-appointment-4/example-condition-1\"> </a><a name=\"hcexample-appointment-4/example-condition-1\"> </a><a name=\"example-appointment-4/example-condition-1-fi-FI\"> </a><p><b>code</b>: <span title=\"Codes:{urn:oid:1.2.246.537.6.355.202001 166922008}\">Poikkeava verensokeri (löydös)</span></p><p><b>subject</b>: <a href=\"#hcexample-appointment-4/patient-iida\">Iida Maria Koski (official) (no stated gender), DoB: 2011-01-30 ( urn:oid:1.2.246.21#300111A9001\u00a0(use:\u00a0official,\u00a0))</a></p></blockquote><hr/><blockquote><p class=\"res-header-id\"><b>Generated Narrative: Condition #example-condition-2</b></p><a name=\"example-appointment-4/example-condition-2\"> </a><a name=\"hcexample-appointment-4/example-condition-2\"> </a><a name=\"example-appointment-4/example-condition-2-fi-FI\"> </a><p><b>code</b>: <span title=\"Codes:{urn:oid:1.2.246.537.6.355.202001 11816003}\">Ravitsemusneuvonta (toimenpide)</span></p><p><b>subject</b>: <a href=\"#hcexample-appointment-4/patient-iida\">Iida Maria Koski (official) (no stated gender), DoB: 2011-01-30 ( urn:oid:1.2.246.21#300111A9001\u00a0(use:\u00a0official,\u00a0))</a></p></blockquote><hr/><blockquote><p class=\"res-header-id\"><b>Generated Narrative: Organization #example-org-unit</b></p><a name=\"example-appointment-4/example-org-unit\"> </a><a name=\"hcexample-appointment-4/example-org-unit\"> </a><a name=\"example-appointment-4/example-org-unit-fi-FI\"> </a><div style=\"display: inline-block; background-color: #d9e0e7; padding: 6px; margin: 4px; border: 1px solid #8da1b4; border-radius: 5px; line-height: 60%\"><p style=\"margin-bottom: 0px\"/><p style=\"margin-bottom: 0px\">Profile: <a href=\"https://hl7.fi/fhir/finnish-base-profiles/1.0.0/StructureDefinition-fi-base-organization.html\">FI Base Organization</a></p></div><p><b>identifier</b>: <a href=\"http://terminology.hl7.org/5.0.0/NamingSystem-uri.html\" title=\"As defined by RFC 3986 (http://www.ietf.org/rfc/rfc3986.txt)(with many schemes defined in many RFCs). For OIDs and UUIDs, use the URN form (urn:oid:(note: lowercase) and urn:uuid:). See http://www.ietf.org/rfc/rfc3001.txt and http://www.ietf.org/rfc/rfc4122.txt \r\n\r\nThis oid is used as an identifier II.root to indicate the the extension is an absolute URI (technically, an IRI). Typically, this is used for OIDs and GUIDs. Note that when this OID is used with OIDs and GUIDs, the II.extension should start with urn:oid or urn:uuid: \r\n\r\nNote that this OID is created to aid with interconversion between CDA and FHIR - FHIR uses urn:ietf:rfc:3986 as equivalent to this OID. URIs as identifiers appear more commonly in FHIR.\r\n\r\nThis OID may also be used in CD.codeSystem.\">URI</a>/urn:oid:1.2.246.10.10688929.10.20.1010</p><p><b>name</b>: Esimerkki-Palveluyksikkö</p><p><b>partOf</b>: Esimerkki-Palveluntuottaja (Identifier: <a href=\"http://terminology.hl7.org/5.0.0/NamingSystem-uri.html\" title=\"As defined by RFC 3986 (http://www.ietf.org/rfc/rfc3986.txt)(with many schemes defined in many RFCs). For OIDs and UUIDs, use the URN form (urn:oid:(note: lowercase) and urn:uuid:). See http://www.ietf.org/rfc/rfc3001.txt and http://www.ietf.org/rfc/rfc4122.txt \r\n\r\nThis oid is used as an identifier II.root to indicate the the extension is an absolute URI (technically, an IRI). Typically, this is used for OIDs and GUIDs. Note that when this OID is used with OIDs and GUIDs, the II.extension should start with urn:oid or urn:uuid: \r\n\r\nNote that this OID is created to aid with interconversion between CDA and FHIR - FHIR uses urn:ietf:rfc:3986 as equivalent to this OID. URIs as identifiers appear more commonly in FHIR.\r\n\r\nThis OID may also be used in CD.codeSystem.\">URI</a>/urn:oid:1.2.246.10.10688929.10.0)</p></blockquote><hr/><blockquote><p class=\"res-header-id\"><b>Generated Narrative: HealthcareService #example-service</b></p><a name=\"example-appointment-4/example-service\"> </a><a name=\"hcexample-appointment-4/example-service\"> </a><a name=\"example-appointment-4/example-service-fi-FI\"> </a><div style=\"display: inline-block; background-color: #d9e0e7; padding: 6px; margin: 4px; border: 1px solid #8da1b4; border-radius: 5px; line-height: 60%\"><p style=\"margin-bottom: 0px\"/><p style=\"margin-bottom: 0px\">Profile: <a href=\"StructureDefinition-fi-scheduling-healthcare-service.html\">FiSchedulingHealthcareService</a></p></div><p><b>providedBy</b>: <a href=\"#hcexample-appointment-4/example-org-unit\">Organization Esimerkki-Palveluyksikkö</a></p><p><b>category</b>: <span title=\"Codes:{urn:oid:1.2.246.537.6.50 SOTE4.2}\">Terveydenhoitajan palvelu</span>, <span title=\"Codes:{http://terminology.hl7.org/CodeSystem/service-category 17}\">General Practice</span></p><p><b>type</b>: <span title=\"Codes:{urn:oid:1.2.246.537.6.49 EDC}\">Terveydenhoitajan palvelu</span></p><p><b>name</b>: Ajanvaraus terveydenhoitajalle</p></blockquote><hr/><blockquote><p class=\"res-header-id\"><b>Generated Narrative: Location #example-location</b></p><a name=\"example-appointment-4/example-location\"> </a><a name=\"hcexample-appointment-4/example-location\"> </a><a name=\"example-appointment-4/example-location-fi-FI\"> </a><p><b>description</b>: Hissillä ylös kolmanteen kerrokseen</p><p><b>address</b>: Terveyskuja 5 A 2 Iisalmi </p></blockquote></div>"
  },
  "contained" : [{
    "resourceType" : "Patient",
    "id" : "patient-iida",
    "meta" : {
      "profile" : ["https://hl7.fi/fhir/finnish-base-profiles/StructureDefinition/fi-base-patient"]
    },
    "identifier" : [{
      "use" : "official",
      "system" : "urn:oid:1.2.246.21",
      "value" : "300111A9001"
    },
    {
      "use" : "old",
      "system" : "urn:oid:1.2.246.10.12345678.22.2023",
      "value" : "1122"
    }],
    "name" : [{
      "use" : "official",
      "family" : "Koski",
      "given" : ["Iida",
      "Maria"]
    },
    {
      "use" : "nickname",
      "given" : ["Iitu"]
    }],
    "birthDate" : "2011-01-30"
  },
  {
    "resourceType" : "Condition",
    "id" : "example-condition-1",
    "code" : {
      "coding" : [{
        "system" : "urn:oid:1.2.246.537.6.355.202001",
        "code" : "166922008",
        "display" : "Poikkeava verensokeri (löydös)"
      }]
    },
    "subject" : {
      "reference" : "#patient-iida"
    }
  },
  {
    "resourceType" : "Condition",
    "id" : "example-condition-2",
    "code" : {
      "coding" : [{
        "system" : "urn:oid:1.2.246.537.6.355.202001",
        "code" : "11816003",
        "display" : "Ravitsemusneuvonta (toimenpide)"
      }]
    },
    "subject" : {
      "reference" : "#patient-iida"
    }
  },
  {
    "resourceType" : "Organization",
    "id" : "example-org-unit",
    "meta" : {
      "profile" : ["https://hl7.fi/fhir/finnish-base-profiles/StructureDefinition/fi-base-organization"]
    },
    "identifier" : [{
      "system" : "urn:ietf:rfc:3986",
      "value" : "urn:oid:1.2.246.10.10688929.10.20.1010"
    }],
    "name" : "Esimerkki-Palveluyksikkö",
    "partOf" : {
      "identifier" : {
        "system" : "urn:ietf:rfc:3986",
        "value" : "urn:oid:1.2.246.10.10688929.10.0"
      },
      "display" : "Esimerkki-Palveluntuottaja"
    }
  },
  {
    "resourceType" : "HealthcareService",
    "id" : "example-service",
    "meta" : {
      "profile" : ["https://hl7.fi/fhir/finnish-scheduling/StructureDefinition/fi-scheduling-healthcare-service"]
    },
    "providedBy" : {
      "reference" : "#example-org-unit"
    },
    "category" : [{
      "coding" : [{
        "system" : "urn:oid:1.2.246.537.6.50",
        "code" : "SOTE4.2",
        "display" : "Terveydenhoitajan palvelu"
      }]
    },
    {
      "coding" : [{
        "system" : "http://terminology.hl7.org/CodeSystem/service-category",
        "code" : "17",
        "display" : "General Practice"
      }]
    }],
    "type" : [{
      "coding" : [{
        "system" : "urn:oid:1.2.246.537.6.49",
        "code" : "EDC",
        "display" : "Terveydenhoitajan palvelu"
      }]
    }],
    "name" : "Ajanvaraus terveydenhoitajalle"
  },
  {
    "resourceType" : "Location",
    "id" : "example-location",
    "description" : "Hissillä ylös kolmanteen kerrokseen",
    "address" : {
      "type" : "physical",
      "line" : ["Terveyskuja 5 A 2"],
      "city" : "Iisalmi"
    }
  }],
  "identifier" : [{
    "system" : "http://organisaationmaarittelemanimiavaruus.fi",
    "value" : "12345"
  }],
  "status" : "booked",
  "serviceCategory" : [{
    "coding" : [{
      "system" : "urn:oid:1.2.246.537.6.50",
      "code" : "SOTE23.1",
      "display" : "Perusterveydenhuollon vastaanottopalvelu"
    },
    {
      "system" : "http://terminology.hl7.org/CodeSystem/service-category",
      "code" : "17",
      "display" : "General Practice"
    }]
  }],
  "serviceType" : [{
    "coding" : [{
      "system" : "urn:oid:1.2.246.537.6.49",
      "code" : "EDC",
      "display" : "Terveydenhoitajan palvelu"
    },
    {
      "system" : "http://terminology.hl7.org/CodeSystem/service-type",
      "code" : "74",
      "display" : "Generalist counselling"
    }]
  }],
  "reasonReference" : [{
    "reference" : "#example-condition-1"
  },
  {
    "reference" : "#example-condition-2"
  }],
  "start" : "2023-06-10T09:00:00+00:00",
  "end" : "2023-06-10T11:00:00+00:00",
  "comment" : "Asiakkaalle tai ajanvarauksen katselijalle tarkoitettu vapaamuotoinen lisätieto voidaan kirjoittaa tähän.",
  "participant" : [{
    "actor" : {
      "reference" : "#patient-iida"
    },
    "status" : "accepted"
  },
  {
    "actor" : {
      "reference" : "#example-service"
    },
    "status" : "accepted"
  },
  {
    "actor" : {
      "reference" : "#example-location"
    },
    "status" : "accepted"
  }]
}