<?xml version="1.0" encoding="UTF-8"?>

<ConceptMap xmlns="http://hl7.org/fhir">
  <id value="ajanvarauksentila-appointmentstatus"/>
  <text>
    <status value="generated"/><div xmlns="http://www.w3.org/1999/xhtml"><p class="res-header-id"><b>Generated Narrative: ConceptMap ajanvarauksentila-appointmentstatus</b></p><a name="ajanvarauksentila-appointmentstatus"> </a><a name="hcajanvarauksentila-appointmentstatus"> </a><a name="ajanvarauksentila-appointmentstatus-fi-FI"> </a><p>Mapping from https://koodistopalvelu.kanta.fi/codeserver/pages/classification-view-page.xhtml?classificationKey=1943 to <a href="http://hl7.org/fhir/R4/valueset-appointmentstatus.html">AppointmentStatus</a></p><br/><p><b>Group 1 </b>Mapping from <code>https://koodistopalvelu.kanta.fi/codeserver/pages/classification-view-page.xhtml?classificationKey=1943</code> to <a href="http://hl7.org/fhir/R4/codesystem-appointmentstatus.html">AppointmentStatus</a></p><table class="grid"><tr><td><b>Source Code</b></td><td><b>Relationship</b></td><td><b>Target Code</b></td><td><b>Comment</b></td></tr><tr><td>1 (Suunniteltu)</td><td><a href="http://hl7.org/fhir/extensions/5.1.0/CodeSystem-concept-map-equivalence.html#equivalent" title="equivalent">is equivalent to</a></td><td>waitlist (Waitlisted)</td><td>Patient and need have been identified, the service provider and time have not.</td></tr><tr><td>2 (Tilattu)</td><td><a href="http://hl7.org/fhir/extensions/5.1.0/CodeSystem-concept-map-equivalence.html#equivalent" title="equivalent">is equivalent to</a></td><td>proposed</td><td>Differs from Suunniteltu in that in Tilattu the service provider has been identified.</td></tr><tr><td>8 (Ehdotettu)</td><td><a href="http://hl7.org/fhir/extensions/5.1.0/CodeSystem-concept-map-equivalence.html#equal" title="equal">is equal to</a></td><td>pending</td><td/></tr><tr><td>3 (Varattu)</td><td><a href="http://hl7.org/fhir/extensions/5.1.0/CodeSystem-concept-map-equivalence.html#equal" title="equal">is equal to</a></td><td>booked</td><td/></tr><tr><td>4 (Peruttu)</td><td><a href="http://hl7.org/fhir/extensions/5.1.0/CodeSystem-concept-map-equivalence.html#equal" title="equal">is equal to</a></td><td>cancelled</td><td/></tr><tr><td>5 (Siirretty)</td><td><a href="http://hl7.org/fhir/extensions/5.1.0/CodeSystem-concept-map-equivalence.html#wider" title="wider">maps to wider concept</a></td><td>cancelled</td><td>There is no separate status code in FHIR for rescheduled appointments. Note that this code is deprecated.</td></tr><tr><td>10 (Ilmoittautunut)</td><td><a href="http://hl7.org/fhir/extensions/5.1.0/CodeSystem-concept-map-equivalence.html#equal" title="equal">is equal to</a></td><td>checked-in</td><td/></tr><tr><td>6 (Alkanut)</td><td><a href="http://hl7.org/fhir/extensions/5.1.0/CodeSystem-concept-map-equivalence.html#wider" title="wider">maps to wider concept</a></td><td>fulfilled</td><td>Alkanut means that the encounter has begun and is ongoing. Most FHIR systems track this with the Encounter resource. There is no such state in Appointment.</td></tr><tr><td>7 (Toteutunut)</td><td><a href="http://hl7.org/fhir/extensions/5.1.0/CodeSystem-concept-map-equivalence.html#wider" title="wider">maps to wider concept</a></td><td>fulfilled</td><td>Toteutunut means that the service the appointment is for has started or is complete. Most FHIR systems track this with the Encounter resource. There is no such state in Appointment.</td></tr><tr><td>9 (Saapumatta)</td><td><a href="http://hl7.org/fhir/extensions/5.1.0/CodeSystem-concept-map-equivalence.html#equal" title="equal">is equal to</a></td><td>noshow</td><td/></tr></table></div>
  </text>
  <url value="https://hl7.fi/fhir/finnish-scheduling/ConceptMap/ajanvarauksentila-appointmentstatus"/>
  <version value="2.0.0-rc1"/>
  <name value="FiAppointmentStatusCodeMap"/>
  <title value="Ajanvarauksen tila to Appointment status"/>
  <status value="draft"/>
  <experimental value="false"/>
  <date value="2025-02-09T17:07:40+00:00"/>
  <publisher value="HL7 Finland"/>
  <contact>
    <name value="HL7 Finland"/>
    <telecom>
      <system value="url"/>
      <value value="https://www.hl7.fi/"/>
    </telecom>
    <telecom>
      <system value="email"/>
      <value value="mikael@sensotrend.com"/>
    </telecom>
  </contact>
  <description value="Mapping between the Finnish logical model [*Ajanvaraus - Ajanvarauksen tila*](https://koodistopalvelu.kanta.fi/codeserver/pages/classification-view-page.xhtml?classificationKey=1943) (oid `1.2.246.537.6.881`) and FHIR Appointment status codes."/>
  <jurisdiction>
    <coding>
      <system value="urn:iso:std:iso:3166"/>
      <code value="FI"/>
      <display value="Finland"/>
    </coding>
  </jurisdiction>
  <sourceUri value="https://koodistopalvelu.kanta.fi/codeserver/pages/classification-view-page.xhtml?classificationKey=1943"/>
  <targetCanonical value="http://hl7.org/fhir/ValueSet/appointmentstatus"/>
  <group>
    <source value="https://koodistopalvelu.kanta.fi/codeserver/pages/classification-view-page.xhtml?classificationKey=1943"/>
    <target value="http://hl7.org/fhir/appointmentstatus"/>
    <element>
      <code value="1"/>
      <display value="Suunniteltu"/>
      <target>
        <code value="waitlist"/>
        <display value="Waitlisted"/>
        <equivalence value="equivalent"/>
        <comment value="Patient and need have been identified, the service provider and time have not."/>
      </target>
    </element>
    <element>
      <code value="2"/>
      <display value="Tilattu"/>
      <target>
        <code value="proposed"/>
        <display value="Proposed"/>
        <equivalence value="equivalent"/>
        <comment value="Differs from Suunniteltu in that in Tilattu the service provider has been identified."/>
      </target>
    </element>
    <element>
      <code value="8"/>
      <display value="Ehdotettu"/>
      <target>
        <code value="pending"/>
        <display value="Pending"/>
        <equivalence value="equal"/>
      </target>
    </element>
    <element>
      <code value="3"/>
      <display value="Varattu"/>
      <target>
        <code value="booked"/>
        <display value="Booked"/>
        <equivalence value="equal"/>
      </target>
    </element>
    <element>
      <code value="4"/>
      <display value="Peruttu"/>
      <target>
        <code value="cancelled"/>
        <display value="Cancelled"/>
        <equivalence value="equal"/>
      </target>
    </element>
    <element>
      <code value="5"/>
      <display value="Siirretty"/>
      <target>
        <code value="cancelled"/>
        <equivalence value="wider"/>
        <comment value="There is no separate status code in FHIR for rescheduled appointments. Note that this code is deprecated."/>
      </target>
    </element>
    <element>
      <code value="10"/>
      <display value="Ilmoittautunut"/>
      <target>
        <code value="checked-in"/>
        <display value="Checked In"/>
        <equivalence value="equal"/>
      </target>
    </element>
    <element>
      <code value="6"/>
      <display value="Alkanut"/>
      <target>
        <code value="fulfilled"/>
        <display value="Fulfilled"/>
        <equivalence value="wider"/>
        <comment value="Alkanut means that the encounter has begun and is ongoing. Most FHIR systems track this with the Encounter resource. There is no such state in Appointment."/>
      </target>
    </element>
    <element>
      <code value="7"/>
      <display value="Toteutunut"/>
      <target>
        <code value="fulfilled"/>
        <display value="Fulfilled"/>
        <equivalence value="wider"/>
        <comment value="Toteutunut means that the service the appointment is for has started or is complete. Most FHIR systems track this with the Encounter resource. There is no such state in Appointment."/>
      </target>
    </element>
    <element>
      <code value="9"/>
      <display value="Saapumatta"/>
      <target>
        <code value="noshow"/>
        <display value="No Show"/>
        <equivalence value="equal"/>
      </target>
    </element>
  </group>
</ConceptMap>