{"resourceType":"ValueSet","id":"fiphr-vs-careplancategory","text":{"status":"generated","div":"<div xmlns=\"http://www.w3.org/1999/xhtml\"><ul><li>Include these codes as defined in <a href=\"CodeSystem-fiphr-cs-careplancategory.html\"><code>http://phr.kanta.fi/CodeSystem/fiphr-cs-careplancategory</code></a><table class=\"none\"><tr><td style=\"white-space:nowrap\"><b>Code</b></td><td><b>Display</b></td><td><b>Finnish (fi)</b></td><td><b>Swedish (sv)</b></td><td><b>English (English, en)</b></td></tr><tr><td><a href=\"CodeSystem-fiphr-cs-careplancategory.html#fiphr-cs-careplancategory-1\">1</a></td><td>Hengitystietulehdus tai -oire</td><td>Hengitystietulehdus tai -oire</td><td>Luftvägsinfektion eller -symtom</td><td>Respiratory infection or symptom</td></tr><tr><td><a href=\"CodeSystem-fiphr-cs-careplancategory.html#fiphr-cs-careplancategory-2\">2</a></td><td>Yskä</td><td>Yskä</td><td>Hosta</td><td>Cough</td></tr><tr><td><a href=\"CodeSystem-fiphr-cs-careplancategory.html#fiphr-cs-careplancategory-3\">3</a></td><td>Virtsatietulehdus tai -oire (18–65v. naiset)</td><td>Virtsatietulehdus tai -oire (18–65v. naiset)</td><td>Urinvägsinfektion- eller symtom (kvinnor 18–65 år)</td><td>Urinary tract infection or symptom (women aged 18–65)</td></tr><tr><td><a href=\"CodeSystem-fiphr-cs-careplancategory.html#fiphr-cs-careplancategory-4\">4</a></td><td>Korvan kipu tai lukkoisuus</td><td>Korvan kipu tai lukkoisuus</td><td>Ont i öronen eller lock för örat</td><td>Earache or ear plugging</td></tr><tr><td><a href=\"CodeSystem-fiphr-cs-careplancategory.html#fiphr-cs-careplancategory-5\">5</a></td><td>Kurkkukipu tai nieluoire</td><td>Kurkkukipu tai nieluoire</td><td>Halsont eller svalgsymtom</td><td>Sore throat or throat symptom</td></tr><tr><td><a href=\"CodeSystem-fiphr-cs-careplancategory.html#fiphr-cs-careplancategory-6\">6</a></td><td>Ripuli</td><td>Ripuli</td><td>Diarré</td><td>Diarrhoea</td></tr><tr><td><a href=\"CodeSystem-fiphr-cs-careplancategory.html#fiphr-cs-careplancategory-7\">7</a></td><td>Alaselkäkipu tai -vamma</td><td>Alaselkäkipu tai -vamma</td><td>Ländryggssmärta eller -skada</td><td>Lower back pain or injury</td></tr><tr><td><a href=\"CodeSystem-fiphr-cs-careplancategory.html#fiphr-cs-careplancategory-8\">8</a></td><td>Närästys</td><td>Närästys</td><td>Halsbränna</td><td>Heartburn</td></tr><tr><td><a href=\"CodeSystem-fiphr-cs-careplancategory.html#fiphr-cs-careplancategory-9\">9</a></td><td>Olkapään kipu, jäykkyys tai vamma</td><td>Olkapään kipu, jäykkyys tai vamma</td><td>Smärta, stelhet eller skada i skuldran</td><td>Shoulder pain, stiffness or injury</td></tr><tr><td><a href=\"CodeSystem-fiphr-cs-careplancategory.html#fiphr-cs-careplancategory-10\">10</a></td><td>Päänsärky</td><td>Päänsärky</td><td>Huvudvärk</td><td>Headache</td></tr><tr><td><a href=\"CodeSystem-fiphr-cs-careplancategory.html#fiphr-cs-careplancategory-11\">11</a></td><td>Peräaukon seudun oire</td><td>Peräaukon seudun oire</td><td>Symtom vid ändtarmsöppningen</td><td>Anal region symptom</td></tr><tr><td><a href=\"CodeSystem-fiphr-cs-careplancategory.html#fiphr-cs-careplancategory-12\">12</a></td><td>Polven oire tai vamma</td><td>Polven oire tai vamma</td><td>Symtom eller skada i knät</td><td>Knee symptom or injury</td></tr><tr><td><a href=\"CodeSystem-fiphr-cs-careplancategory.html#fiphr-cs-careplancategory-13\">13</a></td><td>Silmän oire</td><td>Silmän oire</td><td>Symtom i öga</td><td>Eye symptom</td></tr><tr><td><a href=\"CodeSystem-fiphr-cs-careplancategory.html#fiphr-cs-careplancategory-14\">14</a></td><td>Sukupuolitaudin oire</td><td>Sukupuolitaudin oire</td><td>Symtom på könssjukdom</td><td>Sexually transmitted disease symptom</td></tr><tr><td><a href=\"CodeSystem-fiphr-cs-careplancategory.html#fiphr-cs-careplancategory-15\">15</a></td><td>Terveystarkastus</td><td>Terveystarkastus</td><td>Hälsokontroll</td><td>Health check-up</td></tr><tr><td><a href=\"CodeSystem-fiphr-cs-careplancategory.html#fiphr-cs-careplancategory-16\">16</a></td><td>Henkilökohtainen apu</td><td>Henkilökohtainen apu</td><td>Personlig assistans</td><td>Personal assistance</td></tr><tr><td><a href=\"CodeSystem-fiphr-cs-careplancategory.html#fiphr-cs-careplancategory-17\">17</a></td><td>Liikkuminen kodin ulkopuolella</td><td>Liikkuminen kodin ulkopuolella</td><td>Mobilitet utanför hemmet</td><td>Moving outside the home</td></tr><tr><td><a href=\"CodeSystem-fiphr-cs-careplancategory.html#fiphr-cs-careplancategory-18\">18</a></td><td>Maahanmuuttajan hyvinvointi</td><td>Maahanmuuttajan hyvinvointi</td><td>Invandrarens välbefinnande</td><td>Well-being of an immigrant</td></tr><tr><td><a href=\"CodeSystem-fiphr-cs-careplancategory.html#fiphr-cs-careplancategory-19\">19</a></td><td>Omaishoidon tuki</td><td>Omaishoidon tuki</td><td>Stöd för närståendevård</td><td>Informal care support</td></tr><tr><td><a href=\"CodeSystem-fiphr-cs-careplancategory.html#fiphr-cs-careplancategory-20\">20</a></td><td>Läheishoitajan tarkastus</td><td>Läheishoitajan tarkastus</td><td>Kontroll för anhörig omsorgsgivare</td><td>Check-up of an informal carer</td></tr><tr><td><a href=\"CodeSystem-fiphr-cs-careplancategory.html#fiphr-cs-careplancategory-21\">21</a></td><td>Viitosluokkalaisen terveystarkastus, vanhemmat (poistettu)</td><td>Viitosluokkalaisen terveystarkastus, vanhemmat (poistettu)</td><td>Hälsokontroll för femteklassist, föräldrar (borttagen)</td><td>Health check-up of a fifth-grader, parents (removed)</td></tr><tr><td><a href=\"CodeSystem-fiphr-cs-careplancategory.html#fiphr-cs-careplancategory-22\">22</a></td><td>Viitosluokkalaisen terveystarkastus, lapsi (poistettu)</td><td>Viitosluokkalaisen terveystarkastus, lapsi (poistettu)</td><td>Hälsokontroll för femteklassist, barn (borttagen)</td><td>Health check-up of a fifth-grader, child (removed)</td></tr><tr><td><a href=\"CodeSystem-fiphr-cs-careplancategory.html#fiphr-cs-careplancategory-23\">23</a></td><td>Yleinen hyvinvointikysely (WHOQOL-BREF)</td><td>Yleinen hyvinvointikysely (WHOQOL-BREF)</td><td>Allmän välfärdsenkät (WHOQOL-BREF)</td><td>General well-being survey (WHOQOL-BREF)</td></tr><tr><td><a href=\"CodeSystem-fiphr-cs-careplancategory.html#fiphr-cs-careplancategory-24\">24</a></td><td>Elämäntilannekysely (3X10D)</td><td>Elämäntilannekysely (3X10D)</td><td>Enkät om livssituation (3X10D)</td><td>Life-situation survey (3X10D)</td></tr><tr><td><a href=\"CodeSystem-fiphr-cs-careplancategory.html#fiphr-cs-careplancategory-25\">25</a></td><td>Opiskeluterveydenhuollon esitiedot</td><td>Opiskeluterveydenhuollon esitiedot</td><td>Förhandsuppgifter för studerandehälsovården</td><td>Preliminary information for student health care</td></tr><tr><td><a href=\"CodeSystem-fiphr-cs-careplancategory.html#fiphr-cs-careplancategory-26\">26</a></td><td>Suun terveydentila, lapset ja nuoret</td><td>Suun terveydentila, lapset ja nuoret</td><td>Munhälsa, barn och unga</td><td>Oral health status, children and young persons</td></tr><tr><td><a href=\"CodeSystem-fiphr-cs-careplancategory.html#fiphr-cs-careplancategory-27\">27</a></td><td>Omaishoitajan jaksaminen</td><td>Omaishoitajan jaksaminen</td><td>Närståendevårdarens ork</td><td>Family carer ability to cope</td></tr><tr><td><a href=\"CodeSystem-fiphr-cs-careplancategory.html#fiphr-cs-careplancategory-28\">28</a></td><td>Puolitoistavuotiaan laaja terveystarkastus</td><td>Puolitoistavuotiaan laaja terveystarkastus</td><td>Omfattande hälsokontroll för barn, 18 månader</td><td>Extensive health check-up of a one-and-a-half-year-old</td></tr><tr><td><a href=\"CodeSystem-fiphr-cs-careplancategory.html#fiphr-cs-careplancategory-29\">29</a></td><td>Yötyötä tekevän työterveystarkastus</td><td>Yötyötä tekevän työterveystarkastus</td><td>Hälsokontroll för nattarbetande</td><td>Occupational health check-up of a night worker</td></tr><tr><td><a href=\"CodeSystem-fiphr-cs-careplancategory.html#fiphr-cs-careplancategory-30\">30</a></td><td>Kohonnut verenpaine</td><td>Kohonnut verenpaine</td><td>Hypertoni</td><td>High blood pressure</td></tr><tr><td><a href=\"CodeSystem-fiphr-cs-careplancategory.html#fiphr-cs-careplancategory-31\">31</a></td><td>Yläkoululaisen terveystarkastus, vanhemmat (poistettu)</td><td>Yläkoululaisen terveystarkastus, vanhemmat (poistettu)</td><td>Hälsokontroll för högstadieelev, föräldrar (borttagen)</td><td>Health check-up of an upper comprehensive school pupil, parents (removed)</td></tr><tr><td><a href=\"CodeSystem-fiphr-cs-careplancategory.html#fiphr-cs-careplancategory-32\">32</a></td><td>Viitosluokkalaisen terveystarkastus, vanhemmat</td><td>Viitosluokkalaisen terveystarkastus, vanhemmat</td><td>Hälsokontroll för femteklassist, föräldrar</td><td>Health check-up of a fifth-grader, parents</td></tr><tr><td><a href=\"CodeSystem-fiphr-cs-careplancategory.html#fiphr-cs-careplancategory-33\">33</a></td><td>Hampaiden tai suun oire tai vamma</td><td>Hampaiden tai suun oire tai vamma</td><td>Symtom eller skada i tänder eller mun</td><td>Teeth or mouth symptom or injury</td></tr><tr><td><a href=\"CodeSystem-fiphr-cs-careplancategory.html#fiphr-cs-careplancategory-34\">34</a></td><td>Suun terveydentila, aikuiset</td><td>Suun terveydentila, aikuiset</td><td>Munhälsa, vuxna</td><td>Oral health status, adults</td></tr><tr><td><a href=\"CodeSystem-fiphr-cs-careplancategory.html#fiphr-cs-careplancategory-35\">35</a></td><td>Äitiysneuvolan esitiedot</td><td>Äitiysneuvolan esitiedot</td><td>Förhandsuppgifter till mödrarådgivningen</td><td>Preliminary information for the maternity clinic</td></tr><tr><td><a href=\"CodeSystem-fiphr-cs-careplancategory.html#fiphr-cs-careplancategory-36\">36</a></td><td>Hyvinvointitarkastus</td><td>Hyvinvointitarkastus</td><td>Välfärdsenkät</td><td>Well-being check-up</td></tr><tr><td><a href=\"CodeSystem-fiphr-cs-careplancategory.html#fiphr-cs-careplancategory-37\">37</a></td><td>Suunnitelma</td><td>Suunnitelma</td><td>Plan</td><td>Plan</td></tr><tr><td><a href=\"CodeSystem-fiphr-cs-careplancategory.html#fiphr-cs-careplancategory-38\">38</a></td><td>Liikuntaohjelma askeltajille</td><td>Liikuntaohjelma askeltajille</td><td>Stegprogrammet</td><td>Exercise programme for walkers and runners</td></tr><tr><td><a href=\"CodeSystem-fiphr-cs-careplancategory.html#fiphr-cs-careplancategory-39\">39</a></td><td>Lääkärintodistus, pyyntö</td><td>Lääkärintodistus, pyyntö</td><td>Läkarintyg, begäran</td><td>Medical certificate, request</td></tr><tr><td><a href=\"CodeSystem-fiphr-cs-careplancategory.html#fiphr-cs-careplancategory-40\">40</a></td><td>Diabetes, riskitesti</td><td>Diabetes, riskitesti</td><td>Diabetes, risktest</td><td>Diabetes, risk test</td></tr><tr><td><a href=\"CodeSystem-fiphr-cs-careplancategory.html#fiphr-cs-careplancategory-41\">41</a></td><td>Yleinen oirearvio</td><td>Yleinen oirearvio</td><td>Allmän symtombedömning</td><td>General symptom assessment</td></tr><tr><td><a href=\"CodeSystem-fiphr-cs-careplancategory.html#fiphr-cs-careplancategory-42\">42</a></td><td>Painonhallinta</td><td>Painonhallinta</td><td>Viktkontroll</td><td>Weight management</td></tr><tr><td><a href=\"CodeSystem-fiphr-cs-careplancategory.html#fiphr-cs-careplancategory-43\">43</a></td><td>Tupakoinnin lopettamisen valmennusohjelma</td><td>Tupakoinnin lopettamisen valmennusohjelma</td><td>Coachningsprogram för att sluta röka</td><td>Coaching programme for quitting smoking</td></tr><tr><td><a href=\"CodeSystem-fiphr-cs-careplancategory.html#fiphr-cs-careplancategory-44\">44</a></td><td>Terveellinen ravinto -valmennusohjelma</td><td>Terveellinen ravinto -valmennusohjelma</td><td>Coachningsprogrammet Hälsosam näring</td><td>Healthy nutrition coaching programme</td></tr><tr><td><a href=\"CodeSystem-fiphr-cs-careplancategory.html#fiphr-cs-careplancategory-45\">45</a></td><td>Univalmennus</td><td>Univalmennus</td><td>Sömncoachning</td><td>Sleep coaching</td></tr><tr><td><a href=\"CodeSystem-fiphr-cs-careplancategory.html#fiphr-cs-careplancategory-46\">46</a></td><td>Avoin palvelupyyntö</td><td>Avoin palvelupyyntö</td><td>Öppen servicebegäran</td><td>Open service request</td></tr><tr><td><a href=\"CodeSystem-fiphr-cs-careplancategory.html#fiphr-cs-careplancategory-47\">47</a></td><td>Raskausdiabeteksen jälkiseuranta</td><td>Raskausdiabeteksen jälkiseuranta</td><td>Uppföljning av graviditetsdiabetes</td><td>Gestational diabetes follow-up</td></tr><tr><td><a href=\"CodeSystem-fiphr-cs-careplancategory.html#fiphr-cs-careplancategory-48\">48</a></td><td>Koronavirustauti</td><td>Koronavirustauti</td><td>Coronavirusinfektion</td><td>Coronavirus disease</td></tr></table></li></ul></div>"},"url":"http://phr.kanta.fi/ValueSet/fiphr-vs-careplancategory","version":"0.3.0","name":"fiphr-vs-careplancategory","title":"Finnish PHR CarePlan Category value set","status":"active","experimental":false,"date":"2020-06-05","publisher":"HL7 Finland","contact":[{"name":"HL7 Finland","telecom":[{"system":"url","value":"https://www.hl7.fi/"}]}],"description":"Indicates type of SelfCarePlan.","jurisdiction":[{"coding":[{"system":"urn:iso:std:iso:3166","code":"FI","display":"Finland"}]}],"compose":{"include":[{"system":"http://phr.kanta.fi/CodeSystem/fiphr-cs-careplancategory","concept":[{"code":"1","display":"Hengitystietulehdus tai -oire","designation":[{"language":"fi","value":"Hengitystietulehdus tai -oire"},{"language":"sv","value":"Luftvägsinfektion eller -symtom"},{"language":"en","value":"Respiratory infection or symptom"}]},{"code":"2","display":"Yskä","designation":[{"language":"fi","value":"Yskä"},{"language":"sv","value":"Hosta"},{"language":"en","value":"Cough"}]},{"code":"3","display":"Virtsatietulehdus tai -oire (18–65v. naiset)","designation":[{"language":"fi","value":"Virtsatietulehdus tai -oire (18–65v. naiset)"},{"language":"sv","value":"Urinvägsinfektion- eller symtom (kvinnor 18–65 år)"},{"language":"en","value":"Urinary tract infection or symptom (women aged 18–65)"}]},{"code":"4","display":"Korvan kipu tai lukkoisuus","designation":[{"language":"fi","value":"Korvan kipu tai lukkoisuus"},{"language":"sv","value":"Ont i öronen eller lock för örat"},{"language":"en","value":"Earache or ear plugging"}]},{"code":"5","display":"Kurkkukipu tai nieluoire","designation":[{"language":"fi","value":"Kurkkukipu tai nieluoire"},{"language":"sv","value":"Halsont eller svalgsymtom"},{"language":"en","value":"Sore throat or throat symptom"}]},{"code":"6","display":"Ripuli","designation":[{"language":"fi","value":"Ripuli"},{"language":"sv","value":"Diarré"},{"language":"en","value":"Diarrhoea"}]},{"code":"7","display":"Alaselkäkipu tai -vamma","designation":[{"language":"fi","value":"Alaselkäkipu tai -vamma"},{"language":"sv","value":"Ländryggssmärta eller -skada"},{"language":"en","value":"Lower back pain or injury"}]},{"code":"8","display":"Närästys","designation":[{"language":"fi","value":"Närästys"},{"language":"sv","value":"Halsbränna"},{"language":"en","value":"Heartburn"}]},{"code":"9","display":"Olkapään kipu, jäykkyys tai vamma","designation":[{"language":"fi","value":"Olkapään kipu, jäykkyys tai vamma"},{"language":"sv","value":"Smärta, stelhet eller skada i skuldran"},{"language":"en","value":"Shoulder pain, stiffness or injury"}]},{"code":"10","display":"Päänsärky","designation":[{"language":"fi","value":"Päänsärky"},{"language":"sv","value":"Huvudvärk"},{"language":"en","value":"Headache"}]},{"code":"11","display":"Peräaukon seudun oire","designation":[{"language":"fi","value":"Peräaukon seudun oire"},{"language":"sv","value":"Symtom vid ändtarmsöppningen"},{"language":"en","value":"Anal region symptom"}]},{"code":"12","display":"Polven oire tai vamma","designation":[{"language":"fi","value":"Polven oire tai vamma"},{"language":"sv","value":"Symtom eller skada i knät"},{"language":"en","value":"Knee symptom or injury"}]},{"code":"13","display":"Silmän oire","designation":[{"language":"fi","value":"Silmän oire"},{"language":"sv","value":"Symtom i öga"},{"language":"en","value":"Eye symptom"}]},{"code":"14","display":"Sukupuolitaudin oire","designation":[{"language":"fi","value":"Sukupuolitaudin oire"},{"language":"sv","value":"Symtom på könssjukdom"},{"language":"en","value":"Sexually transmitted disease symptom"}]},{"code":"15","display":"Terveystarkastus","designation":[{"language":"fi","value":"Terveystarkastus"},{"language":"sv","value":"Hälsokontroll"},{"language":"en","value":"Health check-up"}]},{"code":"16","display":"Henkilökohtainen apu","designation":[{"language":"fi","value":"Henkilökohtainen apu"},{"language":"sv","value":"Personlig assistans"},{"language":"en","value":"Personal assistance"}]},{"code":"17","display":"Liikkuminen kodin ulkopuolella","designation":[{"language":"fi","value":"Liikkuminen kodin ulkopuolella"},{"language":"sv","value":"Mobilitet utanför hemmet"},{"language":"en","value":"Moving outside the home"}]},{"code":"18","display":"Maahanmuuttajan hyvinvointi","designation":[{"language":"fi","value":"Maahanmuuttajan hyvinvointi"},{"language":"sv","value":"Invandrarens välbefinnande"},{"language":"en","value":"Well-being of an immigrant"}]},{"code":"19","display":"Omaishoidon tuki","designation":[{"language":"fi","value":"Omaishoidon tuki"},{"language":"sv","value":"Stöd för närståendevård"},{"language":"en","value":"Informal care support"}]},{"code":"20","display":"Läheishoitajan tarkastus","designation":[{"language":"fi","value":"Läheishoitajan tarkastus"},{"language":"sv","value":"Kontroll för anhörig omsorgsgivare"},{"language":"en","value":"Check-up of an informal carer"}]},{"code":"21","display":"Viitosluokkalaisen terveystarkastus, vanhemmat (poistettu)","designation":[{"language":"fi","value":"Viitosluokkalaisen terveystarkastus, vanhemmat (poistettu)"},{"language":"sv","value":"Hälsokontroll för femteklassist, föräldrar (borttagen)"},{"language":"en","value":"Health check-up of a fifth-grader, parents (removed)"}]},{"code":"22","display":"Viitosluokkalaisen terveystarkastus, lapsi (poistettu)","designation":[{"language":"fi","value":"Viitosluokkalaisen terveystarkastus, lapsi (poistettu)"},{"language":"sv","value":"Hälsokontroll för femteklassist, barn (borttagen)"},{"language":"en","value":"Health check-up of a fifth-grader, child (removed)"}]},{"code":"23","display":"Yleinen hyvinvointikysely (WHOQOL-BREF)","designation":[{"language":"fi","value":"Yleinen hyvinvointikysely (WHOQOL-BREF)"},{"language":"sv","value":"Allmän välfärdsenkät (WHOQOL-BREF)"},{"language":"en","value":"General well-being survey (WHOQOL-BREF)"}]},{"code":"24","display":"Elämäntilannekysely (3X10D)","designation":[{"language":"fi","value":"Elämäntilannekysely (3X10D)"},{"language":"sv","value":"Enkät om livssituation (3X10D)"},{"language":"en","value":"Life-situation survey (3X10D)"}]},{"code":"25","display":"Opiskeluterveydenhuollon esitiedot","designation":[{"language":"fi","value":"Opiskeluterveydenhuollon esitiedot"},{"language":"sv","value":"Förhandsuppgifter för studerandehälsovården"},{"language":"en","value":"Preliminary information for student health care"}]},{"code":"26","display":"Suun terveydentila, lapset ja nuoret","designation":[{"language":"fi","value":"Suun terveydentila, lapset ja nuoret"},{"language":"sv","value":"Munhälsa, barn och unga"},{"language":"en","value":"Oral health status, children and young persons"}]},{"code":"27","display":"Omaishoitajan jaksaminen","designation":[{"language":"fi","value":"Omaishoitajan jaksaminen"},{"language":"sv","value":"Närståendevårdarens ork"},{"language":"en","value":"Family carer ability to cope"}]},{"code":"28","display":"Puolitoistavuotiaan laaja terveystarkastus","designation":[{"language":"fi","value":"Puolitoistavuotiaan laaja terveystarkastus"},{"language":"sv","value":"Omfattande hälsokontroll för barn, 18 månader"},{"language":"en","value":"Extensive health check-up of a one-and-a-half-year-old"}]},{"code":"29","display":"Yötyötä tekevän työterveystarkastus","designation":[{"language":"fi","value":"Yötyötä tekevän työterveystarkastus"},{"language":"sv","value":"Hälsokontroll för nattarbetande"},{"language":"en","value":"Occupational health check-up of a night worker"}]},{"code":"30","display":"Kohonnut verenpaine","designation":[{"language":"fi","value":"Kohonnut verenpaine"},{"language":"sv","value":"Hypertoni"},{"language":"en","value":"High blood pressure"}]},{"code":"31","display":"Yläkoululaisen terveystarkastus, vanhemmat (poistettu)","designation":[{"language":"fi","value":"Yläkoululaisen terveystarkastus, vanhemmat (poistettu)"},{"language":"sv","value":"Hälsokontroll för högstadieelev, föräldrar (borttagen)"},{"language":"en","value":"Health check-up of an upper comprehensive school pupil, parents (removed)"}]},{"code":"32","display":"Viitosluokkalaisen terveystarkastus, vanhemmat","designation":[{"language":"fi","value":"Viitosluokkalaisen terveystarkastus, vanhemmat"},{"language":"sv","value":"Hälsokontroll för femteklassist, föräldrar"},{"language":"en","value":"Health check-up of a fifth-grader, parents"}]},{"code":"33","display":"Hampaiden tai suun oire tai vamma","designation":[{"language":"fi","value":"Hampaiden tai suun oire tai vamma"},{"language":"sv","value":"Symtom eller skada i tänder eller mun"},{"language":"en","value":"Teeth or mouth symptom or injury"}]},{"code":"34","display":"Suun terveydentila, aikuiset","designation":[{"language":"fi","value":"Suun terveydentila, aikuiset"},{"language":"sv","value":"Munhälsa, vuxna"},{"language":"en","value":"Oral health status, adults"}]},{"code":"35","display":"Äitiysneuvolan esitiedot","designation":[{"language":"fi","value":"Äitiysneuvolan esitiedot"},{"language":"sv","value":"Förhandsuppgifter till mödrarådgivningen"},{"language":"en","value":"Preliminary information for the maternity clinic"}]},{"code":"36","display":"Hyvinvointitarkastus","designation":[{"language":"fi","value":"Hyvinvointitarkastus"},{"language":"sv","value":"Välfärdsenkät"},{"language":"en","value":"Well-being check-up"}]},{"code":"37","display":"Suunnitelma","designation":[{"language":"fi","value":"Suunnitelma"},{"language":"sv","value":"Plan"},{"language":"en","value":"Plan"}]},{"code":"38","display":"Liikuntaohjelma askeltajille","designation":[{"language":"fi","value":"Liikuntaohjelma askeltajille"},{"language":"sv","value":"Stegprogrammet"},{"language":"en","value":"Exercise programme for walkers and runners"}]},{"code":"39","display":"Lääkärintodistus, pyyntö","designation":[{"language":"fi","value":"Lääkärintodistus, pyyntö"},{"language":"sv","value":"Läkarintyg, begäran"},{"language":"en","value":"Medical certificate, request"}]},{"code":"40","display":"Diabetes, riskitesti","designation":[{"language":"fi","value":"Diabetes, riskitesti"},{"language":"sv","value":"Diabetes, risktest"},{"language":"en","value":"Diabetes, risk test"}]},{"code":"41","display":"Yleinen oirearvio","designation":[{"language":"fi","value":"Yleinen oirearvio"},{"language":"sv","value":"Allmän symtombedömning"},{"language":"en","value":"General symptom assessment"}]},{"code":"42","display":"Painonhallinta","designation":[{"language":"fi","value":"Painonhallinta"},{"language":"sv","value":"Viktkontroll"},{"language":"en","value":"Weight management"}]},{"code":"43","display":"Tupakoinnin lopettamisen valmennusohjelma","designation":[{"language":"fi","value":"Tupakoinnin lopettamisen valmennusohjelma"},{"language":"sv","value":"Coachningsprogram för att sluta röka"},{"language":"en","value":"Coaching programme for quitting smoking"}]},{"code":"44","display":"Terveellinen ravinto -valmennusohjelma","designation":[{"language":"fi","value":"Terveellinen ravinto -valmennusohjelma"},{"language":"sv","value":"Coachningsprogrammet Hälsosam näring"},{"language":"en","value":"Healthy nutrition coaching programme"}]},{"code":"45","display":"Univalmennus","designation":[{"language":"fi","value":"Univalmennus"},{"language":"sv","value":"Sömncoachning"},{"language":"en","value":"Sleep coaching"}]},{"code":"46","display":"Avoin palvelupyyntö","designation":[{"language":"fi","value":"Avoin palvelupyyntö"},{"language":"sv","value":"Öppen servicebegäran"},{"language":"en","value":"Open service request"}]},{"code":"47","display":"Raskausdiabeteksen jälkiseuranta","designation":[{"language":"fi","value":"Raskausdiabeteksen jälkiseuranta"},{"language":"sv","value":"Uppföljning av graviditetsdiabetes"},{"language":"en","value":"Gestational diabetes follow-up"}]},{"code":"48","display":"Koronavirustauti","designation":[{"language":"fi","value":"Koronavirustauti"},{"language":"sv","value":"Coronavirusinfektion"},{"language":"en","value":"Coronavirus disease"}]}]}]}}