{"resourceType":"ValueSet","id":"fiphr-vs-insulincode","text":{"status":"generated","div":"<div xmlns=\"http://www.w3.org/1999/xhtml\"><p>This value set includes codes based on the following rules:</p><ul><li>Include all codes defined in <a href=\"CodeSystem-fiphr-cs-vnrcode.html\"><code>urn:oid:1.2.246.537.6.55</code></a></li><li>Include all codes defined in <a href=\"CodeSystem-fiphr-cs-insulincode.html\"><code>http://phr.kanta.fi/CodeSystem/fiphr-cs-insulincode</code></a></li></ul></div>"},"url":"http://phr.kanta.fi/ValueSet/fiphr-vs-insulincode","version":"0.3.0","name":"fiphr-vs-insulincode","title":"Value Set Finnish PHR Insulin Code ","status":"active","experimental":false,"date":"2020-02-17T10:00:00+00:00","publisher":"HL7 Finland","contact":[{"name":"HL7 Finland","telecom":[{"system":"url","value":"https://www.hl7.fi/"}]}],"description":"A Finnish PHR value set for the codes to be used with insulin dosing. Includes VNR codes (reference to the national VNR code system) or specific codes to indicate what kind of insulin has been administered.","jurisdiction":[{"coding":[{"system":"urn:iso:std:iso:3166","code":"FI","display":"Finland"}]}],"compose":{"include":[{"system":"urn:oid:1.2.246.537.6.55"},{"system":"http://phr.kanta.fi/CodeSystem/fiphr-cs-insulincode"}]}}