<?xml version="1.0" encoding="UTF-8"?>

<Provenance xmlns="http://hl7.org/fhir">
  <id value="id-for-provenance-1"/>
  <meta>
    <profile value="https://hl7.fi/fhir/finnish-base-profiles/StructureDefinition/fi-base-provenance"/>
  </meta>
  <text>
    <status value="extensions"/><div xmlns="http://www.w3.org/1999/xhtml"><p><b>Generated Narrative: Provenance</b><a name="id-for-provenance-1"> </a></p><div style="display: inline-block; background-color: #d9e0e7; padding: 6px; margin: 4px; border: 1px solid #8da1b4; border-radius: 5px; line-height: 60%"><p style="margin-bottom: 0px">Resource Provenance &quot;id-for-provenance-1&quot; </p><p style="margin-bottom: 0px">Profile: <a href="StructureDefinition-fi-base-provenance.html">FI Base Provenance</a></p></div><p><b>RegisterTypeCode</b>: Julkinen terveydenhuolto (Details: urn:oid:1.2.246.537.5.40150.2009 code 2 = '2', stated as 'Julkinen terveydenhuolto')</p><p><b>target</b>: <a href="EpisodeOfCare-id-for-episode-1.html">EpisodeOfCare/id-for-episode-1</a></p><p><b>recorded</b>: Feb 7, 2015, 1:28:17 PM</p><h3>Agents</h3><table class="grid"><tr><td style="display: none">-</td><td><b>Type</b></td><td><b>Who</b></td></tr><tr><td style="display: none">*</td><td>custodian <span style="background: LightGoldenRodYellow; margin: 4px; border: 1px solid khaki"> (<a href="http://terminology.hl7.org/5.0.0/CodeSystem-v3-ParticipationType.html">ParticipationType</a>#custodian)</span></td><td><span>id: 1.2.246.10.32213043.19.0</span></td></tr></table></div>
  </text>
  <extension url="https://hl7.fi/fhir/finnish-base-profiles/StructureDefinition/register-type-code">
    <valueCoding>
      <system value="urn:oid:1.2.246.537.5.40150.2009"/>
      <code value="2"/>
      <display value="Julkinen terveydenhuolto"/>
    </valueCoding>
  </extension>
  <target>
    <reference value="EpisodeOfCare/id-for-episode-1"/>
  </target>
  <recorded value="2015-02-07T13:28:17.239+02:00"/>
  <agent>
    <type>
      <coding>
        <system value="http://terminology.hl7.org/CodeSystem/v3-ParticipationType"/>
        <code value="custodian"/>
      </coding>
    </type>
    <who>
      <type value="Organization"/>
      <identifier>
        <value value="1.2.246.10.32213043.19.0"/>
      </identifier>
    </who>
  </agent>
</Provenance>