<?xml version="1.0" encoding="UTF-8"?><Bundle xmlns="http://hl7.org/fhir"><type value="collection"/><entry/><entry><resource><OperationOutcome><extension url="http://hl7.org/fhir/StructureDefinition/operationoutcome-file"><valueString value="/Users/mikael/GitHub/finnish-scheduling/temp/hl7.fhir.fi.scheduling#2.0.0-rc1/fsh-generated/resources/Appointment-appointment-status-extension-01"/></extension></OperationOutcome></resource></entry><entry><resource><OperationOutcome><extension url="http://hl7.org/fhir/StructureDefinition/operationoutcome-file"><valueString value="/Users/mikael/GitHub/finnish-scheduling/temp/hl7.fhir.fi.scheduling#2.0.0-rc1/fsh-generated/resources/Appointment-appointment-status-extension-02"/></extension></OperationOutcome></resource></entry><entry><resource><OperationOutcome><extension url="http://hl7.org/fhir/StructureDefinition/operationoutcome-file"><valueString value="/Users/mikael/GitHub/finnish-scheduling/temp/hl7.fhir.fi.scheduling#2.0.0-rc1/fsh-generated/resources/Appointment-appointment-status-extension-03"/></extension></OperationOutcome></resource></entry><entry><resource><OperationOutcome><extension url="http://hl7.org/fhir/StructureDefinition/operationoutcome-file"><valueString value="/Users/mikael/GitHub/finnish-scheduling/temp/hl7.fhir.fi.scheduling#2.0.0-rc1/fsh-generated/resources/Appointment-appointment-status-extension-04"/></extension></OperationOutcome></resource></entry><entry><resource><OperationOutcome><extension url="http://hl7.org/fhir/StructureDefinition/operationoutcome-file"><valueString value="/Users/mikael/GitHub/finnish-scheduling/temp/hl7.fhir.fi.scheduling#2.0.0-rc1/fsh-generated/resources/Appointment-appointment-status-extension-05"/></extension></OperationOutcome></resource></entry><entry><resource><OperationOutcome><extension url="http://hl7.org/fhir/StructureDefinition/operationoutcome-file"><valueString value="/Users/mikael/GitHub/finnish-scheduling/temp/hl7.fhir.fi.scheduling#2.0.0-rc1/fsh-generated/resources/Appointment-appointment-status-extension-06"/></extension></OperationOutcome></resource></entry><entry><resource><OperationOutcome><extension url="http://hl7.org/fhir/StructureDefinition/operationoutcome-file"><valueString value="/Users/mikael/GitHub/finnish-scheduling/temp/hl7.fhir.fi.scheduling#2.0.0-rc1/fsh-generated/resources/Appointment-appointment-status-extension-07"/></extension></OperationOutcome></resource></entry><entry><resource><OperationOutcome><extension url="http://hl7.org/fhir/StructureDefinition/operationoutcome-file"><valueString value="/Users/mikael/GitHub/finnish-scheduling/temp/hl7.fhir.fi.scheduling#2.0.0-rc1/fsh-generated/resources/Appointment-appointment-status-extension-08"/></extension></OperationOutcome></resource></entry><entry><resource><OperationOutcome><extension url="http://hl7.org/fhir/StructureDefinition/operationoutcome-file"><valueString value="/Users/mikael/GitHub/finnish-scheduling/temp/hl7.fhir.fi.scheduling#2.0.0-rc1/fsh-generated/resources/Appointment-appointment-status-extension-09"/></extension></OperationOutcome></resource></entry><entry><resource><OperationOutcome><extension url="http://hl7.org/fhir/StructureDefinition/operationoutcome-file"><valueString value="/Users/mikael/GitHub/finnish-scheduling/temp/hl7.fhir.fi.scheduling#2.0.0-rc1/fsh-generated/resources/Appointment-appointment-status-extension-10"/></extension></OperationOutcome></resource></entry><entry><resource><OperationOutcome><extension url="http://hl7.org/fhir/StructureDefinition/operationoutcome-file"><valueString value="/Users/mikael/GitHub/finnish-scheduling/temp/hl7.fhir.fi.scheduling#2.0.0-rc1/fsh-generated/resources/Appointment-example-appointment-4"/></extension><issue><extension url="http://hl7.org/fhir/StructureDefinition/operationoutcome-issue-line"><valueInteger value="56"/></extension><extension url="http://hl7.org/fhir/StructureDefinition/operationoutcome-issue-col"><valueInteger value="10"/></extension><extension url="http://hl7.org/fhir/StructureDefinition/operationoutcome-issue-source"><valueString value="InstanceValidator"/></extension><extension url="http://hl7.org/fhir/StructureDefinition/operationoutcome-message-id"><valueCode value="Details_for__matching_against_Profile_"/></extension><severity value="information"/><code value="informational"/><details><text value="This element does not match any known slice defined in the profile https://hl7.fi/fhir/finnish-base-profiles/StructureDefinition/fi-base-patient|2.0.0-rc1 (this may not be a problem, but you should check that it's not intended to match a slice)"/></details><expression value="Appointment/example-appointment-4: Appointment.contained[0]/*Patient/patient-iida*/.identifier[1]"/></issue></OperationOutcome></resource></entry><entry><resource><OperationOutcome><extension url="http://hl7.org/fhir/StructureDefinition/operationoutcome-file"><valueString value="/Users/mikael/GitHub/finnish-scheduling/temp/hl7.fhir.fi.scheduling#2.0.0-rc1/fsh-generated/resources/ConceptMap-ajanvarauksentila-appointmentstatus"/></extension></OperationOutcome></resource></entry><entry><resource><OperationOutcome><extension url="http://hl7.org/fhir/StructureDefinition/operationoutcome-file"><valueString value="/Users/mikael/GitHub/finnish-scheduling/temp/hl7.fhir.fi.scheduling#2.0.0-rc1/fsh-generated/resources/ConceptMap-appointmentstatus-ajanvarauksentila"/></extension></OperationOutcome></resource></entry><entry><resource><OperationOutcome><extension url="http://hl7.org/fhir/StructureDefinition/operationoutcome-file"><valueString value="/Users/mikael/GitHub/finnish-scheduling/temp/hl7.fhir.fi.scheduling#2.0.0-rc1/fsh-generated/resources/HealthcareService-example-service-2"/></extension></OperationOutcome></resource></entry><entry><resource><OperationOutcome><extension url="http://hl7.org/fhir/StructureDefinition/operationoutcome-file"><valueString value="/Users/mikael/GitHub/finnish-scheduling/temp/hl7.fhir.fi.scheduling#2.0.0-rc1/fsh-generated/resources/ImplementationGuide-hl7.fhir.fi.scheduling"/></extension></OperationOutcome></resource></entry><entry><resource><OperationOutcome><extension url="http://hl7.org/fhir/StructureDefinition/operationoutcome-file"><valueString value="/Users/mikael/GitHub/finnish-scheduling/temp/hl7.fhir.fi.scheduling#2.0.0-rc1/fsh-generated/resources/Organization-example-org-unit"/></extension></OperationOutcome></resource></entry><entry><resource><OperationOutcome><extension url="http://hl7.org/fhir/StructureDefinition/operationoutcome-file"><valueString value="/Users/mikael/GitHub/finnish-scheduling/temp/hl7.fhir.fi.scheduling#2.0.0-rc1/fsh-generated/resources/Patient-patient-pentti"/></extension></OperationOutcome></resource></entry><entry><resource><OperationOutcome><extension url="http://hl7.org/fhir/StructureDefinition/operationoutcome-file"><valueString value="/Users/mikael/GitHub/finnish-scheduling/temp/hl7.fhir.fi.scheduling#2.0.0-rc1/fsh-generated/resources/Patient-patient-petri"/></extension></OperationOutcome></resource></entry><entry><resource><OperationOutcome><extension url="http://hl7.org/fhir/StructureDefinition/operationoutcome-file"><valueString value="/Users/mikael/GitHub/finnish-scheduling/temp/hl7.fhir.fi.scheduling#2.0.0-rc1/fsh-generated/resources/Practitioner-practitioner-keijo"/></extension></OperationOutcome></resource></entry><entry><resource><OperationOutcome><extension url="http://hl7.org/fhir/StructureDefinition/operationoutcome-file"><valueString value="/Users/mikael/GitHub/finnish-scheduling/temp/hl7.fhir.fi.scheduling#2.0.0-rc1/fsh-generated/resources/Schedule-234567890"/></extension></OperationOutcome></resource></entry><entry><resource><OperationOutcome><extension url="http://hl7.org/fhir/StructureDefinition/operationoutcome-file"><valueString value="/Users/mikael/GitHub/finnish-scheduling/temp/hl7.fhir.fi.scheduling#2.0.0-rc1/fsh-generated/resources/Slot-123456789"/></extension></OperationOutcome></resource></entry><entry><resource><OperationOutcome><extension url="http://hl7.org/fhir/StructureDefinition/operationoutcome-file"><valueString value="/Users/mikael/GitHub/finnish-scheduling/temp/hl7.fhir.fi.scheduling#2.0.0-rc1/fsh-generated/resources/StructureDefinition-additional-information-url"/></extension><issue><extension url="http://hl7.org/fhir/StructureDefinition/operationoutcome-issue-source"><valueString value="Publisher"/></extension><severity value="warning"/><code value="business-rule"/><details><text value="The Implementation Guide contains no examples for this extension"/></details><expression value="StructureDefinition.where(url = 'https://hl7.fi/fhir/finnish-scheduling/StructureDefinition/additional-information-url')"/></issue></OperationOutcome></resource></entry><entry><resource><OperationOutcome><extension url="http://hl7.org/fhir/StructureDefinition/operationoutcome-file"><valueString value="/Users/mikael/GitHub/finnish-scheduling/temp/hl7.fhir.fi.scheduling#2.0.0-rc1/fsh-generated/resources/StructureDefinition-ajanvarauksen-tila"/></extension></OperationOutcome></resource></entry><entry><resource><OperationOutcome><extension url="http://hl7.org/fhir/StructureDefinition/operationoutcome-file"><valueString value="/Users/mikael/GitHub/finnish-scheduling/temp/hl7.fhir.fi.scheduling#2.0.0-rc1/fsh-generated/resources/StructureDefinition-care-guarantee-details"/></extension><issue><extension url="http://hl7.org/fhir/StructureDefinition/operationoutcome-issue-source"><valueString value="Publisher"/></extension><severity value="warning"/><code value="business-rule"/><details><text value="The Implementation Guide contains no examples for this extension"/></details><expression value="StructureDefinition.where(url = 'https://hl7.fi/fhir/finnish-scheduling/StructureDefinition/care-guarantee-details')"/></issue></OperationOutcome></resource></entry><entry><resource><OperationOutcome><extension url="http://hl7.org/fhir/StructureDefinition/operationoutcome-file"><valueString value="/Users/mikael/GitHub/finnish-scheduling/temp/hl7.fhir.fi.scheduling#2.0.0-rc1/fsh-generated/resources/StructureDefinition-careplan-identifier"/></extension><issue><extension url="http://hl7.org/fhir/StructureDefinition/operationoutcome-issue-source"><valueString value="Publisher"/></extension><severity value="warning"/><code value="business-rule"/><details><text value="The Implementation Guide contains no examples for this extension"/></details><expression value="StructureDefinition.where(url = 'https://hl7.fi/fhir/finnish-scheduling/StructureDefinition/careplan-identifier')"/></issue></OperationOutcome></resource></entry><entry><resource><OperationOutcome><extension url="http://hl7.org/fhir/StructureDefinition/operationoutcome-file"><valueString value="/Users/mikael/GitHub/finnish-scheduling/temp/hl7.fhir.fi.scheduling#2.0.0-rc1/fsh-generated/resources/StructureDefinition-child-appointment"/></extension><issue><extension url="http://hl7.org/fhir/StructureDefinition/operationoutcome-issue-source"><valueString value="Publisher"/></extension><severity value="warning"/><code value="business-rule"/><details><text value="The Implementation Guide contains no examples for this extension"/></details><expression value="StructureDefinition.where(url = 'https://hl7.fi/fhir/finnish-scheduling/StructureDefinition/child-appointment')"/></issue></OperationOutcome></resource></entry><entry><resource><OperationOutcome><extension url="http://hl7.org/fhir/StructureDefinition/operationoutcome-file"><valueString value="/Users/mikael/GitHub/finnish-scheduling/temp/hl7.fhir.fi.scheduling#2.0.0-rc1/fsh-generated/resources/StructureDefinition-customer-journey"/></extension><issue><extension url="http://hl7.org/fhir/StructureDefinition/operationoutcome-issue-source"><valueString value="Publisher"/></extension><severity value="warning"/><code value="business-rule"/><details><text value="The Implementation Guide contains no examples for this extension"/></details><expression value="StructureDefinition.where(url = 'https://hl7.fi/fhir/finnish-scheduling/StructureDefinition/customer-journey')"/></issue></OperationOutcome></resource></entry><entry><resource><OperationOutcome><extension url="http://hl7.org/fhir/StructureDefinition/operationoutcome-file"><valueString value="/Users/mikael/GitHub/finnish-scheduling/temp/hl7.fhir.fi.scheduling#2.0.0-rc1/fsh-generated/resources/StructureDefinition-fi-scheduling-appointment"/></extension></OperationOutcome></resource></entry><entry><resource><OperationOutcome><extension url="http://hl7.org/fhir/StructureDefinition/operationoutcome-file"><valueString value="/Users/mikael/GitHub/finnish-scheduling/temp/hl7.fhir.fi.scheduling#2.0.0-rc1/fsh-generated/resources/StructureDefinition-fi-scheduling-healthcare-service"/></extension></OperationOutcome></resource></entry><entry><resource><OperationOutcome><extension url="http://hl7.org/fhir/StructureDefinition/operationoutcome-file"><valueString value="/Users/mikael/GitHub/finnish-scheduling/temp/hl7.fhir.fi.scheduling#2.0.0-rc1/fsh-generated/resources/StructureDefinition-mutable"/></extension></OperationOutcome></resource></entry><entry><resource><OperationOutcome><extension url="http://hl7.org/fhir/StructureDefinition/operationoutcome-file"><valueString value="/Users/mikael/GitHub/finnish-scheduling/temp/hl7.fhir.fi.scheduling#2.0.0-rc1/fsh-generated/resources/StructureDefinition-notification-info"/></extension></OperationOutcome></resource></entry><entry><resource><OperationOutcome><extension url="http://hl7.org/fhir/StructureDefinition/operationoutcome-file"><valueString value="/Users/mikael/GitHub/finnish-scheduling/temp/hl7.fhir.fi.scheduling#2.0.0-rc1/fsh-generated/resources/StructureDefinition-notification-medium"/></extension><issue><extension url="http://hl7.org/fhir/StructureDefinition/operationoutcome-issue-source"><valueString value="Publisher"/></extension><severity value="warning"/><code value="business-rule"/><details><text value="The Implementation Guide contains no examples for this extension"/></details><expression value="StructureDefinition.where(url = 'https://hl7.fi/fhir/finnish-scheduling/StructureDefinition/notification-medium')"/></issue></OperationOutcome></resource></entry><entry><resource><OperationOutcome><extension url="http://hl7.org/fhir/StructureDefinition/operationoutcome-file"><valueString value="/Users/mikael/GitHub/finnish-scheduling/temp/hl7.fhir.fi.scheduling#2.0.0-rc1/fsh-generated/resources/StructureDefinition-patient-instruction-url"/></extension><issue><extension url="http://hl7.org/fhir/StructureDefinition/operationoutcome-issue-source"><valueString value="Publisher"/></extension><severity value="warning"/><code value="business-rule"/><details><text value="The Implementation Guide contains no examples for this extension"/></details><expression value="StructureDefinition.where(url = 'https://hl7.fi/fhir/finnish-scheduling/StructureDefinition/patient-instruction-url')"/></issue></OperationOutcome></resource></entry><entry><resource><OperationOutcome><extension url="http://hl7.org/fhir/StructureDefinition/operationoutcome-file"><valueString value="/Users/mikael/GitHub/finnish-scheduling/temp/hl7.fhir.fi.scheduling#2.0.0-rc1/fsh-generated/resources/StructureDefinition-practitioner-gender"/></extension><issue><extension url="http://hl7.org/fhir/StructureDefinition/operationoutcome-issue-source"><valueString value="Publisher"/></extension><severity value="warning"/><code value="business-rule"/><details><text value="The Implementation Guide contains no examples for this extension"/></details><expression value="StructureDefinition.where(url = 'https://hl7.fi/fhir/finnish-scheduling/StructureDefinition/practitioner-gender')"/></issue></OperationOutcome></resource></entry><entry><resource><OperationOutcome><extension url="http://hl7.org/fhir/StructureDefinition/operationoutcome-file"><valueString value="/Users/mikael/GitHub/finnish-scheduling/temp/hl7.fhir.fi.scheduling#2.0.0-rc1/fsh-generated/resources/StructureDefinition-queue-number"/></extension><issue><extension url="http://hl7.org/fhir/StructureDefinition/operationoutcome-issue-source"><valueString value="Publisher"/></extension><severity value="warning"/><code value="business-rule"/><details><text value="The Implementation Guide contains no examples for this extension"/></details><expression value="StructureDefinition.where(url = 'https://hl7.fi/fhir/finnish-scheduling/StructureDefinition/queue-number')"/></issue></OperationOutcome></resource></entry><entry><resource><OperationOutcome><extension url="http://hl7.org/fhir/StructureDefinition/operationoutcome-file"><valueString value="/Users/mikael/GitHub/finnish-scheduling/temp/hl7.fhir.fi.scheduling#2.0.0-rc1/fsh-generated/resources/StructureDefinition-referral-id"/></extension><issue><extension url="http://hl7.org/fhir/StructureDefinition/operationoutcome-issue-source"><valueString value="Publisher"/></extension><severity value="warning"/><code value="business-rule"/><details><text value="The Implementation Guide contains no examples for this extension"/></details><expression value="StructureDefinition.where(url = 'https://hl7.fi/fhir/finnish-scheduling/StructureDefinition/referral-id')"/></issue></OperationOutcome></resource></entry><entry><resource><OperationOutcome><extension url="http://hl7.org/fhir/StructureDefinition/operationoutcome-file"><valueString value="/Users/mikael/GitHub/finnish-scheduling/temp/hl7.fhir.fi.scheduling#2.0.0-rc1/fsh-generated/resources/StructureDefinition-requested-service-info"/></extension><issue><extension url="http://hl7.org/fhir/StructureDefinition/operationoutcome-issue-source"><valueString value="Publisher"/></extension><severity value="warning"/><code value="business-rule"/><details><text value="The Implementation Guide contains no examples for this extension"/></details><expression value="StructureDefinition.where(url = 'https://hl7.fi/fhir/finnish-scheduling/StructureDefinition/requested-service-info')"/></issue></OperationOutcome></resource></entry><entry><resource><OperationOutcome><extension url="http://hl7.org/fhir/StructureDefinition/operationoutcome-file"><valueString value="/Users/mikael/GitHub/finnish-scheduling/temp/hl7.fhir.fi.scheduling#2.0.0-rc1/fsh-generated/resources/StructureDefinition-resource-calendar"/></extension><issue><extension url="http://hl7.org/fhir/StructureDefinition/operationoutcome-issue-source"><valueString value="Publisher"/></extension><severity value="warning"/><code value="business-rule"/><details><text value="The Implementation Guide contains no examples for this extension"/></details><expression value="StructureDefinition.where(url = 'https://hl7.fi/fhir/finnish-scheduling/StructureDefinition/resource-calendar')"/></issue></OperationOutcome></resource></entry><entry><resource><OperationOutcome><extension url="http://hl7.org/fhir/StructureDefinition/operationoutcome-file"><valueString value="/Users/mikael/GitHub/finnish-scheduling/temp/hl7.fhir.fi.scheduling#2.0.0-rc1/fsh-generated/resources/StructureDefinition-self-service-info"/></extension><issue><extension url="http://hl7.org/fhir/StructureDefinition/operationoutcome-issue-source"><valueString value="Publisher"/></extension><severity value="warning"/><code value="business-rule"/><details><text value="The Implementation Guide contains no examples for this extension"/></details><expression value="StructureDefinition.where(url = 'https://hl7.fi/fhir/finnish-scheduling/StructureDefinition/self-service-info')"/></issue></OperationOutcome></resource></entry><entry><resource><OperationOutcome><extension url="http://hl7.org/fhir/StructureDefinition/operationoutcome-file"><valueString value="/Users/mikael/GitHub/finnish-scheduling/temp/hl7.fhir.fi.scheduling#2.0.0-rc1/fsh-generated/resources/StructureDefinition-service-additional-information"/></extension><issue><extension url="http://hl7.org/fhir/StructureDefinition/operationoutcome-issue-source"><valueString value="Publisher"/></extension><severity value="warning"/><code value="business-rule"/><details><text value="The Implementation Guide contains no examples for this extension"/></details><expression value="StructureDefinition.where(url = 'https://hl7.fi/fhir/finnish-scheduling/StructureDefinition/service-additional-information')"/></issue></OperationOutcome></resource></entry><entry><resource><OperationOutcome><extension url="http://hl7.org/fhir/StructureDefinition/operationoutcome-file"><valueString value="/Users/mikael/GitHub/finnish-scheduling/temp/hl7.fhir.fi.scheduling#2.0.0-rc1/fsh-generated/resources/StructureDefinition-ticket-number"/></extension><issue><extension url="http://hl7.org/fhir/StructureDefinition/operationoutcome-issue-source"><valueString value="Publisher"/></extension><severity value="warning"/><code value="business-rule"/><details><text value="The Implementation Guide contains no examples for this extension"/></details><expression value="StructureDefinition.where(url = 'https://hl7.fi/fhir/finnish-scheduling/StructureDefinition/ticket-number')"/></issue></OperationOutcome></resource></entry><entry><resource><OperationOutcome><extension url="http://hl7.org/fhir/StructureDefinition/operationoutcome-file"><valueString value="/Users/mikael/GitHub/finnish-scheduling/temp/hl7.fhir.fi.scheduling#2.0.0-rc1/fsh-generated/resources/StructureDefinition-topic-id"/></extension><issue><extension url="http://hl7.org/fhir/StructureDefinition/operationoutcome-issue-source"><valueString value="Publisher"/></extension><severity value="warning"/><code value="business-rule"/><details><text value="The Implementation Guide contains no examples for this extension"/></details><expression value="StructureDefinition.where(url = 'https://hl7.fi/fhir/finnish-scheduling/StructureDefinition/topic-id')"/></issue></OperationOutcome></resource></entry><entry><resource><OperationOutcome><extension url="http://hl7.org/fhir/StructureDefinition/operationoutcome-file"><valueString value="/Users/mikael/GitHub/finnish-scheduling/temp/hl7.fhir.fi.scheduling#2.0.0-rc1/input/examples/appointment"/></extension><issue><extension url="http://hl7.org/fhir/StructureDefinition/operationoutcome-issue-line"><valueInteger value="27"/></extension><extension url="http://hl7.org/fhir/StructureDefinition/operationoutcome-issue-col"><valueInteger value="4"/></extension><extension url="http://hl7.org/fhir/StructureDefinition/operationoutcome-issue-source"><valueString value="TerminologyEngine"/></extension><extension url="http://hl7.org/fhir/StructureDefinition/operationoutcome-message-id"><valueCode value="Terminology_TX_NoValid_3_CC"/></extension><severity value="information"/><code value="code-invalid"/><details><text value="None of the codings provided are in the value set 'hl7VS-appointmentReasonCodes' (http://terminology.hl7.org/ValueSet/v2-0276|2.0.0), and a coding is recommended to come from this value set (codes = urn:oid:1.2.246.537.6.884.2015#10, http://terminology.hl7.org/CodeSystem/v2-0276#ROUTINE)"/></details><expression value="Appointment/605790: Appointment.appointmentType"/></issue></OperationOutcome></resource></entry></Bundle>