<?xml version="1.0" encoding="UTF-8"?>

<Organization xmlns="http://hl7.org/fhir">
  <id value="1.2.246.10.31045308.10002.0"/>
  <text>
    <status value="generated"/><div xmlns="http://www.w3.org/1999/xhtml"><p><b>Generated Narrative: Organization</b><a name="1.2.246.10.31045308.10002.0"> </a></p><div style="display: inline-block; background-color: #d9e0e7; padding: 6px; margin: 4px; border: 1px solid #8da1b4; border-radius: 5px; line-height: 60%"><p style="margin-bottom: 0px">Resource Organization &quot;1.2.246.10.31045308.10002.0&quot; </p></div><p><b>identifier</b>: id: 1.2.246.10.31045308.10002.0 (use: OFFICIAL)</p><p><b>active</b>: true</p><p><b>type</b>: Government <span style="background: LightGoldenRodYellow; margin: 4px; border: 1px solid khaki"> (<a href="http://terminology.hl7.org/5.0.0/CodeSystem-organization-type.html">Organization type</a>#govt)</span></p><p><b>name</b>: Esko-Testi pp HVA</p><p><b>telecom</b>: ph: 0404040404</p><p><b>address</b>: </p><ul><li>Sairaalarinne 1 Oulu 90100 </li><li>Sairaalarinne 1 Oulu 90100 </li></ul></div>
  </text>
  <identifier>
    <use value="official"/>
    <system value="urn:oid:1.2.246.537.6.202.2008"/>
    <value value="1.2.246.10.31045308.10002.0"/>
  </identifier>
  <active value="true"/>
  <type>
    <coding>
      <system value="http://terminology.hl7.org/CodeSystem/organization-type"/>
      <code value="govt"/>
    </coding>
  </type>
  <name value="Esko-Testi pp HVA"/>
  <telecom>
    <system value="phone"/>
    <value value="0404040404"/>
  </telecom>
  <address>
    <type value="postal"/>
    <line value="Sairaalarinne 1"/>
    <city value="Oulu"/>
    <postalCode value="90100"/>
  </address>
  <address>
    <type value="physical"/>
    <line value="Sairaalarinne 1"/>
    <city value="Oulu"/>
    <postalCode value="90100"/>
  </address>
</Organization>