{
  "resourceType" : "Condition",
  "id" : "id-for-diagnosis-1",
  "meta" : {
    "profile" : ["https://hl7.fi/fhir/finnish-base-profiles/StructureDefinition/fi-base-reason-for-care"]
  },
  "text" : {
    "status" : "extensions",
    "div" : "<div xmlns=\"http://www.w3.org/1999/xhtml\"><p class=\"res-header-id\"><b>Generated Narrative: Condition id-for-diagnosis-1</b></p><a name=\"id-for-diagnosis-1\"> </a><a name=\"hcid-for-diagnosis-1\"> </a><a name=\"id-for-diagnosis-1-fi-FI\"> </a><p><b>Primary condition for encounter</b>: unknown PAA: Päädiagnoosi tai päätoimenpide (version = 2003 )</p><p><b>Permanence of condition</b>: unknown PYS: Pysyväisluonteinen (version = 2003 )</p><p><b>clinicalStatus</b>: <span title=\"Codes:{http://terminology.hl7.org/CodeSystem/condition-clinical active}\">Active</span></p><p><b>category</b>: <span title=\"Codes:{http://terminology.hl7.org/CodeSystem/condition-category encounter-diagnosis}\">Encounter Diagnosis</span></p><p><b>code</b>: <span title=\"Codes:{urn:oid:1.2.246.537.6.1 H36.03}\">Proliferatiivinen diabeettinen retinopatia, vasen, laserhoidettu</span></p><p><b>subject</b>: <a href=\"Patient-patient-of-municipality.html\">Testi Henkilö Male, DoB: 1990-01-01 ( National Identifier for Finland\u00a0(use:\u00a0official,\u00a0))</a></p><p><b>onset</b>: 2023-01-05 02:06:24+0300</p><h3>Evidences</h3><table class=\"grid\"><tr><td style=\"display: none\">-</td><td><b>Code</b></td></tr><tr><td style=\"display: none\">*</td><td><span title=\"Codes:{urn:oid:1.2.246.537.6.1 E11.3}\">Aikuistyypin diabetes diabeteksen silmäkomplikaatiot</span></td></tr></table></div>"
  },
  "extension" : [{
    "url" : "https://hl7.fi/fhir/finnish-base-profiles/StructureDefinition/condition-primary",
    "valueCoding" : {
      "system" : "urn:oid:1.2.246.537.5.40005",
      "version" : "2003",
      "code" : "PAA",
      "display" : "Päädiagnoosi tai päätoimenpide"
    }
  },
  {
    "url" : "https://hl7.fi/fhir/finnish-base-profiles/StructureDefinition/condition-permanence",
    "valueCoding" : {
      "system" : "urn:oid:1.2.246.537.5.40003",
      "version" : "2003",
      "code" : "PYS",
      "display" : "Pysyväisluonteinen"
    }
  }],
  "clinicalStatus" : {
    "coding" : [{
      "system" : "http://terminology.hl7.org/CodeSystem/condition-clinical",
      "code" : "active"
    }]
  },
  "category" : [{
    "coding" : [{
      "system" : "http://terminology.hl7.org/CodeSystem/condition-category",
      "code" : "encounter-diagnosis"
    }]
  }],
  "code" : {
    "coding" : [{
      "system" : "urn:oid:1.2.246.537.6.1",
      "version" : "1999",
      "code" : "H36.03",
      "display" : "Proliferatiivinen diabeettinen retinopatia"
    }],
    "text" : "Proliferatiivinen diabeettinen retinopatia, vasen, laserhoidettu"
  },
  "subject" : {
    "reference" : "Patient/patient-of-municipality"
  },
  "onsetDateTime" : "2023-01-05T02:06:24+03:00",
  "evidence" : [{
    "code" : [{
      "coding" : [{
        "system" : "urn:oid:1.2.246.537.6.1",
        "version" : "1999",
        "code" : "E11.3",
        "display" : "Aikuistyypin diabetes diabeteksen silmäkomplikaatiot"
      }]
    }]
  }]
}