{
  "resourceType" : "CapabilityStatement",
  "id" : "fi-smart-server",
  "text" : {
    "status" : "extensions",
    "div" : "<div xmlns=\"http://www.w3.org/1999/xhtml\"><h2/><div><p>This CapabilityStatement describes the basic rules for a server actor providing SMART App Launch in Finland.</p>\n</div><table><tr><td>Mode</td><td>SERVER</td></tr><tr><td>Description</td><td><div><p>The server <strong>SHALL</strong>:</p>\n<ol>\n<li>Implement the RESTful behavior according to the FHIR specification.</li>\n<li>Support JSON source formats for all interactions.</li>\n<li>Declare a CapabilityStatement identifying the list of profiles, operations, and search parameters supported.</li>\n</ol>\n<p>The server <strong>SHOULD</strong>:</p>\n<ol>\n<li>Support XML source formats for all interactions.</li>\n<li>Implement the International Patient Access (IPA) specification.</li>\n</ol>\n</div></td></tr><tr><td>Transaction</td><td></td></tr><tr><td>System History</td><td></td></tr><tr><td>System Search</td><td></td></tr></table><table><tr><th><b>Resource Type</b></th><th><b>Profile</b></th><th><b title=\"GET a resource (read interaction)\">Read</b></th><th><b title=\"GET all set of resources of the type (search interaction)\">Search</b></th><th><b title=\"PUT a new resource version (update interaction)\">Update</b></th><th><b title=\"POST a new resource (create interaction)\">Create</b></th></tr></table></div>"
  },
  "url" : "https://hl7.fi/fhir/finnish-smart/CapabilityStatement/fi-smart-server",
  "version" : "1.0.0-rc6",
  "title" : "Finnish SMART Server Capability Statement",
  "status" : "active",
  "date" : "2023-02-03",
  "publisher" : "HL7 Finland",
  "contact" : [{
    "name" : "HL7 Finland",
    "telecom" : [{
      "system" : "url",
      "value" : "https://www.hl7.fi/"
    },
    {
      "system" : "email",
      "value" : "mikael@sensotrend.com"
    }]
  }],
  "description" : "This CapabilityStatement describes the basic rules for a server actor providing SMART App Launch in Finland.",
  "jurisdiction" : [{
    "coding" : [{
      "system" : "urn:iso:std:iso:3166",
      "code" : "FI",
      "display" : "Finland"
    }]
  }],
  "kind" : "requirements",
  "fhirVersion" : "4.0.1",
  "format" : ["json",
  "xml"],
  "_format" : [{
    "extension" : [{
      "url" : "http://hl7.org/fhir/StructureDefinition/capabilitystatement-expectation",
      "valueCode" : "SHALL"
    }]
  },
  {
    "extension" : [{
      "url" : "http://hl7.org/fhir/StructureDefinition/capabilitystatement-expectation",
      "valueCode" : "SHOULD"
    }]
  }],
  "patchFormat" : ["application/json-patch+json"],
  "_patchFormat" : [{
    "extension" : [{
      "url" : "http://hl7.org/fhir/StructureDefinition/capabilitystatement-expectation",
      "valueCode" : "SHOULD"
    }]
  }],
  "implementationGuide" : ["http://hl7.org/fhir/smart-app-launch/ImplementationGuide/hl7.fhir.uv.smart-app-launch",
  "http://hl7.org/fhir/uv/ipa/ImplementationGuide/hl7.fhir.uv.ipa"],
  "_implementationGuide" : [{
    "extension" : [{
      "url" : "http://hl7.org/fhir/StructureDefinition/capabilitystatement-expectation",
      "valueCode" : "SHALL"
    }]
  },
  {
    "extension" : [{
      "url" : "http://hl7.org/fhir/StructureDefinition/capabilitystatement-expectation",
      "valueCode" : "SHOULD"
    }]
  }],
  "rest" : [{
    "mode" : "server",
    "documentation" : "The server **SHALL**:\n1. Implement the RESTful behavior according to the FHIR specification.\n1. Support JSON source formats for all interactions.\n1. Declare a CapabilityStatement identifying the list of profiles, operations, and search parameters supported.\n\nThe server **SHOULD**:\n1. Support XML source formats for all interactions.\n1. Implement the International Patient Access (IPA) specification.",
    "security" : {
      "description" : "This implementation guide relies heavily on the widely adopted SMART App Launch mechanism. This implementation guide does not define any new security mechanisms. 1. Please familiarize yourself with the securty concepts infroduced in the SMART App Launch specification, and the underlying OpenID Connect and OAuth2 specifications the SMART App Launch specification build on.\n1. See the Best Practices outlined in the SMART App Launch specification.\n1. See the [General Security Considerations](security.html) section for requirements and recommendations.\n1. A server **SHALL** reject any unauthorized requests by returning an HTTP `401 Unauthorized`, `403 Forbidden`, or `404 Not Found` response code."
    }
  }]
}