Source File	Size	loadResources	load-configure	scan	loadDepInfo	loadInfo	load	generateSnapshots	checkR4R4B	generateNarratives	validate	loadLists	checkConformanceResources	checkConformanceResources2	checkConformanceResources3	generateLogicalMaps	validateExpressions	scanForUsageStats	checkURLsUnique	processProvenanceDetails	generate1	generate2	generateLogicals	makeDependencies	generateExampleZip	generateValidationPack	scanProfilesForR5	scanExamplesForR5
/fsh-generated/resources/ImplementationGuide-hl7.fhir.fi.smart.json	3666	-	0	0	0	0	0	0	4	118	0	0	0	0	0	0	0	1	0	0	123	76	0	0	0	1	0	0
fsh-generated/resources/CapabilityStatement-apottiekosysteemi-capabilitystatement.json	64437	88	0	0	0	1	0	0	3	108	0	0	0	0	0	0	0	1	0	0	227	82	0	1	0	3	0	1
fsh-generated/resources/CapabilityStatement-fi-smart-server.json	2976	10	0	0	0	0	0	0	0	22	0	0	0	0	0	0	0	0	0	0	28	12	0	0	0	1	0	0
fsh-generated/resources/AuditEvent-apotti-ehr-launch-by-practitioner.json	820	10	0	0	0	0	0	0	0	106	0	0	0	0	0	0	0	0	0	0	14	14	0	0	0	0	0	0
fsh-generated/resources/StructureDefinition-fi-smart-server-profile.json	1583	11	0	0	0	0	0	396	0	407	0	0	0	0	0	0	0	4	0	0	700	3560	0	0	1	12	0	1
