{
  "package": "hl7.fhir.fi.smart",
  "version": "1.0.0-rc1",
  "fhirVersion": "4.0.1",
  "jurisdiction": "FI",
  "extensions": [],
  "profiles": {
    "CapabilityStatement": [
      {
        "url": "https://hl7.fi/fhir/finnish-smart/StructureDefinition/fi-smart-server-profile",
        "title": "Finnish SMART Server Capability Statement Profile"
      }
    ]
  },
  "usage": {
    "http://fhir-registry.smarthealthit.org/StructureDefinition/oauth-uris": [
      "CapabilityStatement.rest.security"
    ],
    "http://hl7.org/fhir/StructureDefinition/capabilitystatement-expectation": [
      "CapabilityStatement.format",
      "CapabilityStatement.implementationGuide",
      "CapabilityStatement.patchFormat"
    ],
    "http://hl7.org/fhir/StructureDefinition/elementdefinition-bestpractice": [
      "StructureDefinition.snapshot.element.constraint"
    ],
    "http://hl7.org/fhir/StructureDefinition/elementdefinition-bestpractice-explanation": [
      "StructureDefinition.snapshot.element.constraint"
    ],
    "http://hl7.org/fhir/StructureDefinition/elementdefinition-bindingName": [
      "StructureDefinition.snapshot.element.binding"
    ],
    "http://hl7.org/fhir/StructureDefinition/elementdefinition-isCommonBinding": [
      "StructureDefinition.snapshot.element.binding"
    ],
    "http://hl7.org/fhir/StructureDefinition/elementdefinition-maxValueSet": [
      "StructureDefinition.snapshot.element.binding"
    ],
    "http://hl7.org/fhir/StructureDefinition/structuredefinition-category": [
      "StructureDefinition"
    ],
    "http://hl7.org/fhir/StructureDefinition/structuredefinition-explicit-type-name": [
      "StructureDefinition.snapshot.element"
    ],
    "http://hl7.org/fhir/StructureDefinition/structuredefinition-fhir-type": [
      "StructureDefinition.snapshot.element.type"
    ],
    "http://hl7.org/fhir/StructureDefinition/structuredefinition-security-category": [
      "StructureDefinition"
    ],
    "http://hl7.org/fhir/StructureDefinition/structuredefinition-standards-status": [
      "StructureDefinition.snapshot.element"
    ],
    "http://hl7.org/fhir/tools/StructureDefinition/ig-page-name": [
      "ImplementationGuide.definition.page",
      "ImplementationGuide.definition.page.page"
    ],
    "http://hl7.org/fhir/tools/StructureDefinition/ig-parameter": [
      "ImplementationGuide.definition"
    ],
    "http://hl7.org/fhir/tools/StructureDefinition/implementationguide-dependency-comment": [
      "ImplementationGuide.dependsOn"
    ],
    "http://hl7.org/fhir/tools/StructureDefinition/resource-information": [
      "ImplementationGuide.definition.resource"
    ]
  }
}