<?xml version="1.0" encoding="UTF-8"?>

<ValueSet xmlns="http://hl7.org/fhir">
  <id value="fiphr-vs-exercisetracking"/>
  <text>
    <status value="generated"/><div xmlns="http://www.w3.org/1999/xhtml"><ul><li>Include these codes as defined in <a href="http://loinc.org"><code>http://loinc.org</code></a><table class="none"><tr><td style="white-space:nowrap"><b>Code</b></td><td><b>Display</b></td><td><b>Finnish (fi)</b></td><td><b>Swedish (sv)</b></td><td><b>English (English, en)</b></td></tr><tr><td><a href="https://loinc.org/55409-7/">55409-7</a></td><td>Exercise tracking panel</td><td>Liikunnan seuranta -paneeli</td><td>Träningsspårning-panel</td><td>Exercise tracking panel</td></tr><tr><td><a href="https://loinc.org/73985-4/">73985-4</a></td><td>Exercise activity</td><td>Liikunta-aktiviteetti</td><td>Träningsaktivitet</td><td>Exercise activity</td></tr><tr><td><a href="https://loinc.org/55411-3/">55411-3</a></td><td>Exercise duration</td><td>Liikunnan kesto</td><td>Träningsvaraktighet</td><td>Exercise duration</td></tr><tr><td><a href="https://loinc.org/74008-4/">74008-4</a></td><td>Exercise intensity</td><td>Liikunnan intensiteetti</td><td>Träningsintensitet</td><td>Exercise intensity</td></tr><tr><td><a href="https://loinc.org/55421-2/">55421-2</a></td><td>Calories burned</td><td>Energiankulutus</td><td>Energiförbrukning</td><td>Calories burned</td></tr></table></li></ul></div>
  </text>
  <url value="http://phr.kanta.fi/ValueSet/fiphr-vs-exercisetracking"/>
  <version value="0.4.0"/>
  <name value="fiphr-vs-exercisetracking"/>
  <title value="Value Set Finnish PHR Exercise Tracking"/>
  <status value="active"/>
  <experimental value="false"/>
  <date value="2020-02-24"/>
  <publisher value="HL7 Finland"/>
  <contact>
    <name value="HL7 Finland"/>
    <telecom>
      <system value="url"/>
      <value value="https://www.hl7.fi/"/>
    </telecom>
  </contact>
  <description value="Finnish PHR Exercise Tracking value set"/>
  <jurisdiction>
    <coding>
      <system value="urn:iso:std:iso:3166"/>
      <code value="FI"/>
      <display value="Finland"/>
    </coding>
  </jurisdiction>
  <compose>
    <include>
      <system value="http://loinc.org"/>
      <concept>
        <code value="55409-7"/>
        <display value="Exercise tracking panel"/>
        <designation>
          <language value="fi"/>
          <value value="Liikunnan seuranta -paneeli"/>
        </designation>
        <designation>
          <language value="sv"/>
          <value value="Träningsspårning-panel"/>
        </designation>
        <designation>
          <language value="en"/>
          <value value="Exercise tracking panel"/>
        </designation>
      </concept>
      <concept>
        <code value="73985-4"/>
        <display value="Exercise activity"/>
        <designation>
          <language value="fi"/>
          <value value="Liikunta-aktiviteetti"/>
        </designation>
        <designation>
          <language value="sv"/>
          <value value="Träningsaktivitet"/>
        </designation>
        <designation>
          <language value="en"/>
          <value value="Exercise activity"/>
        </designation>
      </concept>
      <concept>
        <code value="55411-3"/>
        <display value="Exercise duration"/>
        <designation>
          <language value="fi"/>
          <value value="Liikunnan kesto"/>
        </designation>
        <designation>
          <language value="sv"/>
          <value value="Träningsvaraktighet"/>
        </designation>
        <designation>
          <language value="en"/>
          <value value="Exercise duration"/>
        </designation>
      </concept>
      <concept>
        <code value="74008-4"/>
        <display value="Exercise intensity"/>
        <designation>
          <language value="fi"/>
          <value value="Liikunnan intensiteetti"/>
        </designation>
        <designation>
          <language value="sv"/>
          <value value="Träningsintensitet"/>
        </designation>
        <designation>
          <language value="en"/>
          <value value="Exercise intensity"/>
        </designation>
      </concept>
      <concept>
        <code value="55421-2"/>
        <display value="Calories burned"/>
        <designation>
          <language value="fi"/>
          <value value="Energiankulutus"/>
        </designation>
        <designation>
          <language value="sv"/>
          <value value="Energiförbrukning"/>
        </designation>
        <designation>
          <language value="en"/>
          <value value="Calories burned"/>
        </designation>
      </concept>
    </include>
  </compose>
</ValueSet>