<?xml version="1.0" encoding="UTF-8"?>

<Encounter xmlns="http://hl7.org/fhir">
  <id value="id-for-visit"/>
  <meta>
    <profile value="https://hl7.fi/fhir/finnish-base-profiles/StructureDefinition/fi-base-encounter"/>
  </meta>
  <text>
    <status value="generated"/><div xmlns="http://www.w3.org/1999/xhtml"><p><b>Generated Narrative: Encounter</b><a name="id-for-visit"> </a></p><div style="display: inline-block; background-color: #d9e0e7; padding: 6px; margin: 4px; border: 1px solid #8da1b4; border-radius: 5px; line-height: 60%"><p style="margin-bottom: 0px">Resource Encounter &quot;id-for-visit&quot; </p><p style="margin-bottom: 0px">Profile: <a href="StructureDefinition-fi-base-encounter.html">FI Base Encounter</a></p></div><p><b>identifier</b>: id: id-for-visit (use: USUAL)</p><p><b>status</b>: finished</p><p><b>class</b>: ambulatory (Details: http://terminology.hl7.org/CodeSystem/v3-ActCode code AMB = 'ambulatory', stated as 'ambulatory')</p><p><b>subject</b>: <a href="Patient-patient-of-municipality.html">Patient/patient-of-municipality</a> &quot; HENKILÖ&quot;</p><p><b>period</b>: 2022-02-28 15:03:00+0200 --&gt; 2022-02-28 15:33:00+0200</p><p><b>serviceProvider</b>: <a href="Organization-1.2.246.10.2085212.10.1314.html">Organization/1.2.246.10.2085212.10.1314</a> &quot;Kyyjärven lääkärin vastaanotto, Kyyjärven terveysasema, SoTe kuntayhtymä Saarikka&quot;</p></div>
  </text>
  <identifier>
    <use value="usual"/>
    <value value="id-for-visit"/>
  </identifier>
  <status value="finished"/>
  <class>
    <system value="http://terminology.hl7.org/CodeSystem/v3-ActCode"/>
    <code value="AMB"/>
    <display value="ambulatory"/>
  </class>
  <subject>
    <reference value="Patient/patient-of-municipality"/>
  </subject>
  <period>
    <start value="2022-02-28T15:03:00+02:00"/>
    <end value="2022-02-28T15:33:00+02:00"/>
  </period>
  <serviceProvider>
    <reference value="Organization/1.2.246.10.2085212.10.1314"/>
  </serviceProvider>
</Encounter>