<?xml version="1.0" encoding="UTF-8"?>

<Encounter xmlns="http://hl7.org/fhir">
  <id value="id-for-palvelutapahtuma"/>
  <meta>
    <profile value="https://hl7.fi/fhir/finnish-base-profiles/StructureDefinition/fi-base-encounter"/>
  </meta>
  <text>
    <status value="generated"/><div xmlns="http://www.w3.org/1999/xhtml"><p><b>Generated Narrative: Encounter</b><a name="id-for-palvelutapahtuma"> </a></p><div style="display: inline-block; background-color: #d9e0e7; padding: 6px; margin: 4px; border: 1px solid #8da1b4; border-radius: 5px; line-height: 60%"><p style="margin-bottom: 0px">Resource Encounter &quot;id-for-palvelutapahtuma&quot; </p><p style="margin-bottom: 0px">Profile: <a href="StructureDefinition-fi-base-encounter.html">FI Base Encounter</a></p></div><p><b>identifier</b>: id: urn:oid:1.2.246.10.6794809.14011.2023.200035 (use: OFFICIAL)</p><p><b>status</b>: in-progress</p><p><b>class</b>: inpatient encounter (Details: http://terminology.hl7.org/CodeSystem/v3-ActCode code IMP = 'inpatient encounter', stated as 'inpatient encounter')</p><p><b>subject</b>: <a href="Patient-patient-of-municipality.html">Patient/patient-of-municipality</a> &quot; HENKILÖ&quot;</p><p><b>period</b>: 2022-02-27 01:03:00+0200 --&gt; (ongoing)</p><p><b>serviceProvider</b>: <a href="Organization-1.2.246.10.8286189.10.100012.html">Organization/1.2.246.10.8286189.10.100012</a> &quot;Kirurgian vuodeosasto 4B, Länsi-Pohjan keskussairaala, LPSHP&quot;</p></div>
  </text>
  <identifier>
    <use value="official"/>
    <value value="urn:oid:1.2.246.10.6794809.14011.2023.200035"/>
  </identifier>
  <status value="in-progress"/>
  <class>
    <system value="http://terminology.hl7.org/CodeSystem/v3-ActCode"/>
    <code value="IMP"/>
    <display value="inpatient encounter"/>
  </class>
  <subject>
    <reference value="Patient/patient-of-municipality"/>
  </subject>
  <period>
    <start value="2022-02-27T01:03:00+02:00"/>
  </period>
  <serviceProvider>
    <reference value="Organization/1.2.246.10.8286189.10.100012"/>
  </serviceProvider>
</Encounter>